money_line_home,money_line_draw,money_line_away,spread_-0.75_home,spread_-0.75_away,spread_-0.5_home,spread_-0.5_away,spread_-0.25_home,spread_-0.25_away,spread_0.0_home,spread_0.0_away,spread_0.25_home,spread_0.25_away,spread_0.5_home,spread_0.5_away,spread_0.75_home,spread_0.75_away,spread_1.0_home,spread_1.0_away,spread_1.25_home,spread_1.25_away,totals_1.25_over,totals_1.25_under,totals_1.5_over,totals_1.5_under,totals_1.75_over,totals_1.75_under,totals_2.0_over,totals_2.0_under,totals_2.25_over,totals_2.25_under,totals_2.5_over,totals_2.5_under,totals_2.75_over,totals_2.75_under,totals_3.0_over,totals_3.0_under,totals_3.25_over,totals_3.25_under,totals_3.5_over,totals_3.5_under
3.1,3.46,2.41,3.88,1.292,3.07,1.416,2.66,1.534,2.23,1.735,1.854,2.08,1.641,2.41,1.467,2.89,1.294,3.86,1.248,4.35,1.209,4.68,1.284,3.87,1.344,3.41,1.44,2.96,1.684,2.3,1.925,1.98,2.17,1.757,2.59,1.549,2.91,1.442,3.25,1.373
3.07,3.42,2.25,3.84,1.254,3.05,1.367,2.82,1.471,2.26,1.641,1.862,1.961,1.704,2.25,1.462,2.69,1.287,3.56,1.237,4.01,1.215,4.59,1.261,3.68,1.319,3.27,1.409,2.86,1.636,2.24,1.869,1.934,2.1,1.724,2.49,1.52,2.79,1.416,3.1,1.348
3.24,3.49,2.14,4.06,1.233,3.21,1.337,2.85,1.429,2.4,1.574,1.952,1.869,1.724,2.14,1.51,2.55,1.316,3.34,1.257,3.81,1.224,4.46,1.26,3.69,1.317,3.28,1.406,2.87,1.632,2.25,1.862,1.943,2.09,1.729,2.48,1.523,2.78,1.42,3.09,1.35
3.28,3.53,2.11,4.1,1.229,3.25,1.332,2.93,1.42,2.43,1.558,1.98,1.847,1.662,2.11,1.523,2.51,1.325,3.29,1.263,3.75,1.223,4.48,1.263,3.67,1.316,3.26,1.404,2.88,1.628,2.26,1.854,1.934,2.08,1.735,2.5,1.526,2.8,1.414,3.11,1.347
3.42,3.52,2.12,4.11,1.228,3.39,1.331,2.73,1.403,2.28,1.628,1.925,1.892,1.625,2.12,1.52,2.64,1.324,3.3,1.261,3.76,1.225,4.45,1.267,3.64,1.32,3.23,1.409,2.85,1.641,2.24,1.869,1.925,2.1,1.724,2.51,1.518,2.81,1.411,3.12,1.344
3.17,3.51,2.21,4.3,1.213,3.15,1.309,2.77,1.454,2.32,1.636,1.854,1.961,1.645,2.21,1.478,2.73,1.322,3.49,1.243,3.77,1.221,4.5,1.268,3.62,1.325,3.2,1.416,2.83,1.645,2.23,1.877,1.884,2.11,1.719,2.56,1.512,2.85,1.404,3.14,1.341
3.2,3.15,2.28,3.97,1.24,3.2,1.349,2.79,1.46,2.33,1.628,1.869,1.98,1.649,2.28,1.452,2.75,1.295,3.62,1.231,3.95,1.227,4.51,1.276,3.68,1.33,3.21,1.429,2.78,1.675,2.18,1.917,1.892,2.15,1.689,2.55,1.497,2.84,1.414,3.19,1.349
3.23,3.25,2.3,4.05,1.246,3.23,1.355,2.99,1.454,2.52,1.546,1.877,1.97,1.729,2.3,1.467,2.74,1.278,3.65,1.241,4.08,1.229,4.48,1.274,3.69,1.337,3.25,1.427,2.79,1.666,2.19,1.909,1.909,2.14,1.694,2.58,1.502,2.88,1.416,3.18,1.35
3.26,3.29,2.29,4.09,1.243,3.44,1.35,2.96,1.406,2.49,1.558,1.884,1.862,1.714,2.29,1.469,2.56,1.289,3.63,1.242,4.11,1.238,4.37,1.277,3.67,1.335,3.27,1.436,2.83,1.68,2.21,1.925,1.917,2.16,1.709,2.56,1.512,2.86,1.413,3.19,1.348
3.47,3.27,2.15,4.38,1.219,3.41,1.317,2.95,1.413,2.48,1.564,2,1.869,1.709,2.15,1.526,2.58,1.292,3.37,1.267,4.1,1.237,4.38,1.284,3.74,1.338,3.26,1.432,2.84,1.671,2.22,1.917,1.909,2.15,1.714,2.58,1.51,2.87,1.421,3.24,1.357
3.44,3.35,2.17,4.33,1.223,3.4,1.321,3,1.411,2.52,1.568,1.98,1.877,1.735,2.17,1.518,2.59,1.327,3.41,1.263,3.84,1.236,4.39,1.303,3.59,1.34,3.24,1.438,2.82,1.675,2.21,1.925,1.925,2.17,1.709,2.61,1.515,2.88,1.406,3.31,1.344
3.43,3.34,2.18,4.34,1.222,3.46,1.323,3.01,1.414,2.53,1.574,1.97,1.884,1.729,2.18,1.512,2.6,1.322,3.43,1.261,3.88,1.238,4.38,1.292,3.74,1.347,3.29,1.448,2.86,1.68,2.23,1.943,1.884,2.19,1.704,2.68,1.51,2.92,1.436,3.23,1.367
3.47,3.33,2.2,4.32,1.224,3.47,1.33,3,1.421,2.52,1.581,1.99,1.9,1.746,2.19,1.531,2.61,1.321,3.44,1.273,3.89,1.247,4.39,1.293,3.7,1.37,3.16,1.478,2.74,1.694,2.17,1.99,1.892,2.24,1.719,2.59,1.52,2.99,1.434,3.26,1.362
3.5,3.37,2.19,4.42,1.229,3.46,1.328,2.94,1.429,2.48,1.574,2,1.884,1.74,2.2,1.526,2.62,1.319,3.48,1.268,3.9,1.254,4.37,1.297,3.67,1.354,3.3,1.45,2.88,1.729,2.27,2,1.961,2.17,1.689,2.62,1.497,2.9,1.427,3.29,1.357
3.52,3.35,2.2,4.44,1.228,3.37,1.336,2.96,1.432,2.49,1.595,2.01,1.892,1.729,2.19,1.54,2.61,1.333,3.46,1.277,3.93,1.255,4.26,1.301,3.65,1.361,3.27,1.452,2.84,1.689,2.26,1.925,1.952,2.19,1.746,2.65,1.54,2.94,1.421,3.3,1.354
3.5,3.37,2.21,4.42,1.235,3.41,1.338,2.92,1.416,2.44,1.613,2.02,1.9,1.724,2.2,1.537,2.62,1.326,3.48,1.275,3.98,1.253,4.18,1.303,3.64,1.366,3.24,1.46,2.81,1.704,2.24,1.934,1.934,2.22,1.729,2.67,1.537,2.96,1.42,3.32,1.352
3.49,3.43,2.19,4.26,1.236,3.42,1.321,2.95,1.442,2.48,1.598,2.01,1.892,1.704,2.21,1.518,2.61,1.337,3.45,1.242,3.96,1.252,4.19,1.304,3.57,1.369,3.23,1.469,2.79,1.714,2.22,1.952,1.917,2.21,1.719,2.68,1.526,2.97,1.421,3.38,1.341
3.44,3.41,2.2,4.35,1.207,3.37,1.346,2.96,1.44,2.47,1.595,2,1.9,1.719,2.22,1.529,2.65,1.336,3.52,1.271,3.98,1.253,4.2,1.313,3.58,1.371,3.24,1.471,2.78,1.719,2.21,1.97,1.909,2.23,1.714,2.75,1.518,2.96,1.418,3.42,1.342
3.45,3.39,2.22,4.36,1.241,3.41,1.344,2.97,1.45,2.46,1.598,1.99,1.909,1.724,2.23,1.526,2.66,1.308,3.53,1.27,3.92,1.252,4.21,1.312,3.54,1.384,3.22,1.469,2.71,1.714,2.22,1.961,1.9,2.24,1.719,2.79,1.512,2.98,1.414,3.45,1.335
3.4,3.38,2.23,4.37,1.24,3.42,1.352,2.95,1.442,2.45,1.606,1.961,1.917,1.719,2.26,1.512,2.7,1.33,3.54,1.268,4.02,1.251,4.19,1.318,3.51,1.392,3.2,1.476,2.67,1.724,2.2,1.98,1.869,2.29,1.709,2.83,1.507,2.99,1.4,3.43,1.331
3.44,3.39,2.26,4.31,1.245,3.43,1.346,2.94,1.44,2.46,1.609,1.98,1.943,1.714,2.23,1.523,2.67,1.328,3.6,1.263,4.03,1.252,4.2,1.322,3.52,1.398,3.14,1.478,2.64,1.729,2.19,1.99,1.847,2.32,1.704,2.82,1.487,3.06,1.401,3.44,1.333
3.45,3.4,2.23,4.36,1.24,3.44,1.344,2.95,1.438,2.44,1.606,1.99,1.925,1.709,2.25,1.526,2.66,1.326,3.55,1.268,4.04,1.253,4.19,1.321,3.53,1.396,3.1,1.5,2.66,1.763,2.15,2.03,1.833,2.35,1.675,2.81,1.476,3.1,1.392,3.43,1.334
3.46,3.38,2.25,4.37,1.239,3.43,1.343,2.92,1.44,2.45,1.617,1.98,1.917,1.704,2.26,1.523,2.67,1.319,3.54,1.269,4.1,1.252,4.2,1.32,3.37,1.395,3.07,1.497,2.65,1.757,2.12,2.02,1.84,2.34,1.657,2.8,1.465,3.13,1.386,3.42,1.335
3.47,3.37,2.26,4.38,1.238,3.44,1.342,2.93,1.438,2.41,1.613,1.97,1.925,1.699,2.27,1.52,2.69,1.325,3.55,1.268,4.05,1.253,4.19,1.319,3.47,1.393,3.09,1.51,2.66,1.781,2.1,2.05,1.847,2.33,1.645,2.85,1.467,3.11,1.389,3.44,1.293
3.46,3.33,2.27,4.4,1.237,3.45,1.341,2.92,1.444,2.4,1.617,1.961,1.934,1.694,2.28,1.515,2.7,1.326,3.56,1.267,4.04,1.251,4.2,1.302,3.52,1.392,3.1,1.523,2.58,1.793,2.11,2.07,1.826,2.32,1.649,2.81,1.471,3.1,1.39,3.57,1.332
3.47,3.31,2.28,4.39,1.236,3.44,1.34,2.93,1.446,2.41,1.609,1.952,1.943,1.699,2.27,1.512,2.71,1.325,3.59,1.264,4.05,1.246,4.19,1.327,3.49,1.383,2.99,1.52,2.61,1.787,2.12,2.06,1.8,2.34,1.653,2.88,1.473,3.11,1.353,3.58,1.313
3.48,3.3,2.27,4.4,1.237,3.42,1.341,2.94,1.444,2.4,1.628,1.961,1.952,1.694,2.28,1.51,2.72,1.324,3.61,1.263,4.06,1.247,4.2,1.32,3.43,1.411,3.05,1.515,2.65,1.781,2.09,2.05,1.833,2.37,1.657,2.89,1.434,3.17,1.377,3.57,1.312
3.45,3.31,2.28,4.41,1.239,3.41,1.344,2.87,1.45,2.36,1.632,1.943,1.943,1.699,2.29,1.505,2.73,1.32,3.62,1.262,4.09,1.248,4.21,1.324,3.34,1.395,3.08,1.512,2.64,1.787,2.08,2.08,1.847,2.34,1.628,2.95,1.448,3.12,1.387,3.54,1.31
3.44,3.3,2.29,4.37,1.24,3.42,1.346,2.89,1.448,2.37,1.641,1.952,1.961,1.689,2.28,1.502,2.72,1.318,3.64,1.261,4.11,1.246,4.27,1.325,3.35,1.4,3.06,1.51,2.63,1.781,2.11,2.09,1.833,2.35,1.649,3.02,1.469,3.22,1.389,,1.313
3.45,3.27,2.28,4.36,1.241,3.39,1.347,2.88,1.45,2.4,1.636,1.943,1.952,1.694,2.27,1.505,2.73,1.316,3.65,1.259,4.12,1.239,4.26,1.334,3.33,1.401,3.01,1.537,2.57,1.8,2.1,2.06,1.793,2.36,1.645,3.01,1.452,3.23,1.369,,
3.42,3.3,2.27,4.37,1.24,3.4,1.346,2.89,1.446,2.41,1.641,1.934,1.961,1.684,2.27,1.507,2.72,1.314,3.64,1.258,4.14,1.242,4.25,1.348,3.36,1.42,2.93,1.518,2.5,1.819,2.07,2.05,1.763,2.41,1.641,3.02,1.448,3.3,1.367,,
3.43,3.39,2.3,4.33,1.243,3.39,1.344,2.91,1.462,2.4,1.645,1.925,1.97,1.689,2.3,1.5,2.74,1.312,3.65,1.259,4.15,1.243,4.27,1.347,3.34,1.438,2.94,1.52,2.51,1.787,2.02,2.07,1.769,2.47,1.609,2.99,1.425,3.38,1.354,,
3.42,3.3,2.31,4.34,1.242,3.41,1.349,2.92,1.458,2.42,1.662,1.917,1.98,1.694,2.31,1.502,2.73,1.313,3.63,1.26,4.14,1.242,4.37,1.349,3.27,1.436,2.93,1.523,2.5,1.793,2.03,2.1,1.763,2.46,1.584,3.05,1.408,3.37,1.342,,
3.44,3.26,2.32,4.35,1.243,3.32,1.348,2.9,1.46,2.32,1.645,1.925,1.99,1.694,2.32,1.497,2.75,1.312,3.66,1.257,4.15,1.241,4.36,1.344,3.28,1.44,2.96,1.549,2.53,1.833,2.02,2.15,1.775,2.44,1.591,3.07,1.411,3.38,1.343,,
3.34,3.24,2.33,4.34,1.241,3.35,1.349,2.87,1.458,2.35,1.641,1.917,1.98,1.68,2.33,1.5,2.74,1.315,3.68,1.255,4.13,1.251,4.32,1.353,3.27,1.432,2.95,1.578,2.51,1.869,2.04,2.14,1.769,2.48,1.588,3.15,1.408,3.34,1.342,,
3.38,3.26,2.32,4.36,1.242,3.36,1.347,2.91,1.462,2.31,1.645,1.909,1.99,1.671,2.32,1.505,2.73,1.31,3.66,1.257,4.16,1.255,4.31,1.355,3.28,1.444,2.93,1.574,2.5,1.862,2.05,2.13,1.763,2.5,1.595,3.14,1.414,3.41,1.347,,
3.37,3.28,2.33,4.28,1.241,3.39,1.348,2.92,1.46,2.32,1.636,1.892,2,1.666,2.33,1.507,2.71,1.311,3.65,1.259,4.19,1.253,4.32,1.369,3.27,1.448,2.86,1.578,2.43,1.869,2.03,2.16,1.729,2.55,1.591,3.13,1.411,3.43,1.346,,
3.39,3.26,2.34,4.33,1.247,3.4,1.347,2.91,1.462,2.3,1.684,1.917,2.01,1.671,2.34,1.497,2.75,1.308,3.59,1.265,4.17,1.247,4.33,1.367,3.19,1.467,2.87,1.568,2.44,1.854,2.02,2.17,1.735,2.54,1.584,3.14,1.408,3.51,1.343,,
3.41,3.25,2.35,4.32,1.243,3.38,1.361,2.93,1.465,2.31,1.666,1.925,2.02,1.675,2.35,1.495,2.76,1.31,3.65,1.26,4.15,1.246,4.22,1.369,3.13,1.465,2.86,1.584,2.43,1.862,1.98,2.21,1.74,2.55,1.561,3.2,1.392,3.5,1.331,,
3.42,3.23,2.36,4.34,1.244,3.39,1.354,2.83,1.467,2.29,1.689,1.869,2.04,1.671,2.36,1.49,2.77,1.312,3.66,1.259,4.08,1.245,4.17,1.367,3.14,1.462,2.79,1.591,2.44,1.877,1.99,2.2,1.735,2.6,1.564,3.27,1.393,3.49,1.332,,
3.43,3.24,2.39,4.36,1.242,3.35,1.357,2.86,1.465,2.31,1.694,1.884,2.03,1.666,2.39,1.485,2.79,1.319,3.69,1.257,4.13,1.244,4.18,1.369,3.15,1.467,2.74,1.621,2.43,1.892,1.98,2.21,1.709,2.65,1.568,3.26,1.395,3.48,1.333,,
3.41,3.23,2.36,4.35,1.241,3.36,1.354,2.81,1.473,2.27,1.689,1.862,2.01,1.662,2.36,1.487,2.78,1.312,3.72,1.253,4.14,1.243,4.19,1.367,3.16,1.485,2.75,1.617,2.37,1.925,1.943,2.25,1.689,2.64,1.564,3.25,1.392,3.5,1.334,,
3.42,3.22,2.34,4.39,1.242,3.4,1.353,2.82,1.462,2.24,1.704,1.854,2,1.649,2.34,1.485,2.8,1.313,3.7,1.255,4.17,1.239,4.14,1.366,3.2,1.5,2.76,1.613,2.32,1.917,1.917,2.29,1.694,2.63,1.546,3.24,1.38,3.56,1.332,,
3.38,3.2,2.35,4.4,1.245,3.42,1.358,2.8,1.458,2.22,1.689,1.862,2.07,1.653,2.35,1.487,2.81,1.311,3.74,1.258,4.21,1.235,4.15,1.369,3.21,1.497,2.75,1.621,2.33,1.925,1.925,2.28,1.699,2.62,1.529,3.25,1.369,3.63,1.323,,
3.39,3.19,2.43,4.42,1.243,3.31,1.355,2.81,1.485,2.21,1.714,1.84,2.04,1.666,2.43,1.492,2.83,1.307,3.75,1.257,4.19,1.226,4.16,1.383,3.28,1.495,2.76,1.645,2.34,1.961,1.917,2.27,1.694,2.63,1.531,3.26,1.367,3.62,1.314,,
3.43,3.21,2.4,4.41,1.245,3.35,1.359,2.82,1.476,2.19,1.729,1.862,2.08,1.671,2.4,1.49,2.82,1.303,3.77,1.255,4.24,1.222,4.17,1.393,3.24,1.497,2.75,1.671,2.33,1.99,1.925,2.28,1.699,2.64,1.534,3.25,1.369,3.61,1.316,,
3.44,3.2,2.44,4.39,1.246,3.3,1.358,2.79,1.49,2.2,1.746,1.84,2.07,1.632,2.44,1.487,2.83,1.305,3.79,1.253,4.25,1.223,4.18,1.395,3.25,1.495,2.76,1.666,2.34,1.98,1.934,2.27,1.694,2.63,1.537,3.24,1.37,3.6,1.317,,
3.43,3.22,2.45,4.4,1.245,3.28,1.357,2.81,1.487,2.19,1.74,1.819,2.08,1.645,2.45,1.485,2.84,1.309,3.78,1.25,4.28,1.224,4.22,1.393,3.17,1.497,2.77,1.662,2.33,1.97,1.952,2.28,1.699,2.64,1.534,3.23,1.371,3.61,1.318,,
3.45,3.2,2.44,4.42,1.244,3.29,1.363,2.76,1.492,2.2,1.746,1.806,2.07,1.625,2.44,1.487,2.85,1.308,3.79,1.247,4.27,1.223,4.23,1.392,3.14,1.495,2.8,1.666,2.34,1.952,1.943,2.27,1.714,2.63,1.531,3.19,1.373,3.6,1.316,,
3.46,3.16,2.47,4.37,1.243,3.3,1.357,2.73,1.49,2.21,1.757,1.793,2.08,1.628,2.47,1.485,2.88,1.304,3.82,1.243,4.28,1.224,4.27,1.39,3.16,1.492,2.81,1.662,2.35,1.961,1.952,2.24,1.709,2.62,1.534,3.2,1.371,3.59,1.317,,
3.34,3.17,2.44,4.42,1.247,3.27,1.355,2.7,1.487,2.19,1.751,1.8,2.1,1.625,2.44,1.483,2.84,1.305,3.85,1.248,4.29,1.221,4.28,1.392,3.13,1.483,2.87,1.657,2.38,1.952,1.99,2.25,1.714,2.59,1.537,3.19,1.373,3.54,1.316,,
3.38,3.15,2.43,4.43,1.243,3.29,1.353,2.71,1.497,2.21,1.757,1.793,2.07,1.628,2.43,1.478,2.82,1.304,3.9,1.249,4.3,1.22,4.38,1.39,3.14,1.48,2.84,1.641,2.37,1.917,1.97,2.24,1.74,2.6,1.534,3.11,1.374,3.55,1.318,,
3.33,3.16,2.47,4.45,1.242,3.24,1.352,2.69,1.49,2.19,1.751,1.8,2.1,1.625,2.47,1.469,2.83,1.303,3.84,1.248,4.34,1.217,4.44,1.392,3.15,1.462,2.85,1.645,2.38,1.934,1.98,2.2,1.724,2.59,1.537,3.12,1.373,3.56,1.317,,
3.31,3.15,2.5,4.46,1.24,3.2,1.371,2.7,1.505,2.2,1.763,1.806,2.13,1.617,2.5,1.471,2.94,1.299,3.83,1.251,4.37,1.216,4.43,1.39,3.18,1.471,2.78,1.641,2.44,1.925,1.934,2.22,1.729,2.53,1.549,3.15,1.371,3.54,1.318,,
3.32,3.16,2.53,4.3,1.253,3.17,1.364,2.67,1.512,2.21,1.746,1.8,2.15,1.628,2.53,1.48,2.9,1.295,3.84,1.25,4.42,1.219,4.42,1.392,3.19,1.469,2.75,1.613,2.41,1.97,1.917,2.21,1.699,2.54,1.546,3.14,1.373,3.47,1.319,,
3.33,3.15,2.52,4.35,1.248,3.16,1.373,2.68,1.52,2.22,1.757,1.793,2.14,1.613,2.52,1.483,2.95,1.29,3.81,1.238,4.41,1.214,4.41,1.39,3.22,1.49,2.76,1.628,2.42,1.99,1.925,2.27,1.689,2.56,1.549,3.23,1.374,3.51,1.325,,
3.29,3.14,2.53,4.28,1.254,3.12,1.375,2.67,1.526,2.23,1.751,1.8,2.15,1.602,2.53,1.48,2.96,1.291,3.82,1.242,4.35,1.215,4.43,1.389,3.3,1.5,2.74,1.621,2.35,1.98,1.934,2.29,1.694,2.55,1.571,3.27,1.373,3.49,1.324,,
3.32,3.17,2.54,4.29,1.255,3.15,1.373,2.68,1.523,2.18,1.74,1.806,2.16,1.591,2.56,1.487,2.95,1.297,3.98,1.236,4.32,1.214,4.42,1.39,3.33,1.497,2.75,1.653,2.33,1.97,1.943,2.28,1.689,2.62,1.558,3.26,1.375,3.58,1.326,,
3.26,3.18,2.53,4.26,1.254,3.14,1.378,2.69,1.531,2.17,1.735,1.793,2.17,1.588,2.54,1.485,2.99,1.298,3.92,1.235,4.33,1.217,4.41,1.389,3.35,1.495,2.76,1.671,2.34,1.961,1.961,2.26,1.694,2.65,1.561,3.25,1.383,3.62,1.336,,
3.23,3.16,2.55,4.28,1.253,3.15,1.374,2.67,1.529,2.18,1.729,1.8,2.16,1.578,2.53,1.456,2.95,1.297,4,1.236,4.49,1.218,4.42,1.381,3.36,1.485,2.79,1.666,2.33,1.943,1.98,2.25,1.699,2.64,1.564,3.21,1.381,3.6,1.331,,
3.2,3.15,2.54,4.29,1.254,3.14,1.384,2.71,1.531,2.17,1.757,1.806,2.15,1.584,2.55,1.465,2.94,1.298,3.99,1.232,4.44,1.217,4.45,1.38,3.39,1.483,2.8,1.662,2.34,1.925,2.02,2.24,1.704,2.63,1.54,3.2,1.384,3.55,1.333,,
3.18,3.14,2.53,4.28,1.258,3.13,1.39,2.69,1.529,,1.763,1.813,2.14,1.588,2.54,1.452,2.99,1.301,4.02,1.236,4.51,1.215,4.46,1.367,3.4,1.48,2.83,1.653,2.35,1.884,2.04,2.22,1.714,2.61,1.529,3.19,1.398,3.54,1.32,,
3.19,3.16,2.52,4.24,1.255,3.14,1.396,2.67,1.526,,1.769,1.819,2.15,1.584,2.53,1.454,3.03,1.3,4,1.238,4.5,1.216,4.47,1.373,3.37,1.478,2.9,1.649,2.36,1.869,2.03,2.2,1.729,2.6,1.531,3.18,1.39,3.53,1.315,,
3.18,3.15,2.51,4.27,1.262,3.15,1.395,2.68,1.531,,,1.813,2.17,1.581,2.52,1.45,3.06,1.282,3.99,1.233,4.53,1.214,4.51,1.374,3.42,1.469,2.93,1.645,2.35,1.877,2.04,2.15,1.757,2.59,1.534,3.17,1.393,3.52,1.317,,
3.17,3.14,2.53,4.26,1.266,3.14,1.4,2.67,1.52,,,1.819,2.16,1.584,2.51,1.454,3.05,1.288,4,1.228,4.51,1.212,4.52,1.373,3.39,1.46,2.95,1.641,2.38,1.862,2.03,2.13,1.775,2.58,1.529,3.14,1.375,3.48,1.312,,
3.18,3.13,2.55,4.19,1.27,3.15,1.398,2.68,1.526,,,1.787,2.15,1.588,2.53,1.452,3.06,1.28,4.05,1.225,4.56,,4.48,1.371,3.4,1.442,2.96,1.628,2.39,1.847,2.04,2.14,1.769,2.55,1.531,3.13,1.37,3.45,1.313,,
3.17,3.15,2.54,4.14,1.273,3.14,1.406,2.69,1.531,,,1.793,2.17,1.595,2.55,1.444,3.07,1.281,3.99,1.226,4.5,,4.56,1.386,3.41,1.432,2.99,1.625,2.41,1.84,2.05,2.15,1.763,2.52,1.534,3.1,1.373,3.44,1.314,,
3.16,3.13,2.55,4.1,1.272,3.13,1.4,2.68,1.529,,,1.787,2.16,1.588,2.54,1.454,3.1,1.278,3.97,1.227,4.48,,4.55,1.392,3.43,1.434,2.97,1.628,2.48,1.854,2.07,2.14,1.769,2.46,1.537,3.09,1.367,3.37,1.315,,
3.17,3.12,2.54,4.11,1.271,3.15,1.401,2.7,1.523,,,1.793,2.15,1.581,2.52,1.456,3.08,1.28,4.05,1.226,4.56,,4.5,1.39,3.44,1.429,3.02,1.613,2.52,1.833,2.08,2.13,1.763,2.44,1.546,3.02,1.369,3.33,1.317,,
3.16,3.13,2.53,4.07,1.277,3.14,1.4,2.71,1.52,,,1.781,2.13,1.584,2.55,1.444,3.07,1.275,4.11,1.22,4.62,,4.51,1.381,3.45,1.427,3.01,1.584,2.51,1.847,2.06,2.12,1.769,2.45,1.549,2.98,1.37,3.34,1.321,,
3.18,3.15,2.5,4.08,1.273,3.18,1.401,2.72,1.523,,,,2.14,1.591,2.54,1.434,3.09,1.281,4.16,1.224,4.67,,4.5,1.38,3.47,1.42,3.02,1.571,2.5,1.84,2.09,2.1,1.775,2.43,1.558,2.99,1.371,3.33,1.322,,
3.16,3.16,2.51,4.09,1.274,3.16,1.403,2.67,1.52,,,,2.13,1.581,2.53,1.427,3.1,1.283,4.15,1.225,4.65,,4.51,1.378,,1.425,2.98,1.574,2.51,1.833,2.07,2.11,1.781,2.42,1.581,3,1.373,3.31,1.323,,
3.21,3.15,2.5,4.03,1.273,3.14,1.401,2.66,1.518,,,,2.14,1.584,2.5,1.429,3.08,1.275,4.13,1.222,4.63,,4.53,1.377,,1.414,2.99,1.578,2.5,1.826,2.08,2.09,1.787,2.4,1.591,2.99,1.38,3.3,1.322,,
3.19,3.16,2.51,4.07,1.272,3.15,1.403,2.65,1.534,,,,2.13,1.588,2.49,1.427,3.07,1.269,4.14,1.221,4.64,,4.55,1.371,,1.421,3,1.574,2.51,1.806,2.09,2.11,1.793,2.42,1.588,2.97,1.381,3.28,1.327,,
3.17,3.15,2.5,4.06,1.273,3.14,1.404,,1.537,,,,2.14,1.591,2.5,1.42,3.06,1.265,4.16,1.222,4.66,,4.58,1.37,,1.42,3.02,1.578,2.53,1.793,2.1,2.1,1.781,2.41,1.584,2.96,1.387,3.27,1.34,,
3.16,3.16,2.55,4.07,1.275,3.15,1.4,,1.534,,,,2.13,1.598,2.51,1.423,3.05,1.266,4.22,1.223,4.74,,,1.364,,1.421,3.04,1.574,2.56,,2.08,2.11,1.787,2.38,1.588,2.93,1.389,3.3,1.346,,
3.17,3.18,2.56,4.08,1.273,3.14,1.403,,1.537,,,,2.17,1.595,2.5,1.425,3.04,1.267,4.18,1.224,4.68,,,1.35,,1.42,3.02,1.568,2.57,,2.1,2.1,1.806,2.39,1.595,2.92,1.404,3.29,1.344,,
3.18,3.2,2.55,4.07,1.274,3.16,1.393,,1.54,,,,2.18,1.598,2.55,1.421,3.06,1.265,4.17,1.225,4.67,,,1.344,,1.416,3.04,1.564,2.54,,,2.09,1.8,2.38,1.598,2.95,1.413,3.25,1.343,,
3.17,3.15,2.56,4.05,1.276,3.17,1.398,,,,,,2.17,1.591,2.54,1.42,3.09,1.259,4.16,1.226,4.66,,,1.346,,1.413,,1.555,2.55,,,2.08,1.787,2.41,1.606,2.94,1.411,3.28,1.344,,
3.19,3.13,,4.06,1.277,3.18,1.403,,,,,,2.18,1.595,2.55,1.423,3.08,1.263,4.2,1.229,4.71,,,1.344,,1.409,,1.552,2.59,,,2.1,1.793,2.4,1.609,2.9,1.409,3.27,1.343,,
3.2,3.1,,4.07,1.273,3.19,1.401,,,,,,,1.591,2.54,1.425,3.05,1.264,4.22,1.23,4.73,,,1.346,,1.403,,1.561,2.56,,,2.08,1.787,2.41,1.602,2.93,1.411,3.28,1.344,,
3.21,3.15,,4.06,1.276,3.13,1.403,,,,,,,1.595,2.55,1.427,3.09,1.265,4.21,1.228,4.72,,,1.344,,1.398,,1.558,2.57,,,,1.793,2.4,1.617,2.91,1.409,3.27,1.348,,
3.16,3.13,,4.04,1.27,3.12,1.401,,,,,,,1.578,,1.425,3.08,1.261,4.2,1.226,4.73,,,1.342,,1.4,,1.543,2.58,,,,1.8,2.39,1.613,2.92,1.411,3.26,1.349,,
3.15,3.14,,4.06,1.273,3.1,1.4,,,,,,,1.574,,1.427,3.07,1.259,4.19,1.229,4.72,,,1.341,,,,1.546,2.59,,,,1.806,2.38,1.617,2.9,1.416,3.25,1.354,,
3.14,3.15,,4.04,1.276,,1.401,,,,,,,1.578,,1.431,3.06,1.26,4.18,1.226,4.7,,,1.34,,,,1.543,2.61,,,,1.826,2.37,1.606,2.89,1.418,3.24,1.355,,
3.13,3.16,,4.1,1.275,,1.398,,,,,,,1.574,,1.432,3.05,1.259,4.17,1.227,4.69,,,1.335,,,,1.555,2.6,,,,1.84,2.38,1.609,2.9,1.425,3.23,1.35,,
,3.18,,4.07,1.276,,1.396,,,,,,,,,1.429,3.02,1.26,4.16,1.228,4.7,,,1.334,,,,1.552,2.62,,,,,2.36,1.606,2.87,1.427,3.22,1.352,,
,3.17,,4.05,1.275,,1.398,,,,,,,,,1.421,3.03,1.261,4.17,1.229,4.69,,,1.34,,,,1.555,,,,,,,1.609,,1.42,3.2,1.359,,
,3.19,,4.04,1.274,,1.396,,,,,,,,,1.423,3.02,1.262,4.15,1.23,4.67,,,1.338,,,,1.552,,,,,,,1.613,,1.421,,1.358,,
,3.16,,4.05,1.275,,1.395,,,,,,,,,1.429,3.03,1.263,4.11,1.233,4.65,,,1.331,,,,1.549,,,,,,,1.609,,1.431,,1.359,,
,3.15,,4.06,1.273,,1.393,,,,,,,,,1.421,3.02,1.264,4.09,1.234,4.61,,,1.336,,,,1.543,,,,,,,1.617,,1.423,,1.354,,
,3.16,,4.05,1.272,,1.404,,,,,,,,,1.423,3.09,1.265,4.13,1.232,4.59,,,1.335,,,,1.537,,,,,,,1.621,,1.425,,1.355,,
,3.14,,4.08,1.273,,1.406,,,,,,,,,1.427,3.08,1.269,4.17,1.233,4.62,,,1.334,,,,1.529,,,,,,,1.628,,1.423,,1.354,,
,3.13,,4.07,1.271,,1.409,,,,,,,,,1.429,3.1,1.271,4.15,1.232,4.66,,,1.333,,,,1.523,,,,,,,1.641,,1.425,,1.355,,
,3.14,,4.08,1.269,,,,,,,,,,,1.431,3.09,1.268,4.12,1.234,4.65,,,1.33,,,,,,,,,,,1.636,,1.429,,1.357,,
,3.15,,4.07,1.277,,,,,,,,,,,1.436,3.08,1.264,4.17,1.233,4.61,,,1.327,,,,,,,,,,,,,1.427,,1.359,,
,3.16,,4.09,1.278,,,,,,,,,,,1.434,3.09,1.265,4.16,1.232,4.66,,,1.326,,,,,,,,,,,,,1.432,,1.362,,
,3.15,,4.1,1.279,,,,,,,,,,,1.436,,1.268,4.15,1.233,4.64,,,1.323,,,,,,,,,,,,,1.434,,1.363,,
,,,4.11,1.278,,,,,,,,,,,1.438,,1.264,4.13,1.226,4.62,,,,,,,,,,,,,,,,1.442,,1.367,,
,,,4.03,1.279,,,,,,,,,,,1.434,,1.265,4.12,1.227,4.61,,,,,,,,,,,,,,,,1.448,,,,
,,,4.02,1.28,,,,,,,,,,,1.436,,1.268,4.1,1.226,4.59,,,,,,,,,,,,,,,,,,,,
,,,4.01,1.281,,,,,,,,,,,1.434,,1.27,4.06,1.227,4.55,,,,,,,,,,,,,,,,,,,,
,,,3.99,,,,,,,,,,,,1.436,,1.274,4.07,1.228,4.57,,,,,,,,,,,,,,,,,,,,
,,,,,,,,,,,,,,,1.421,,1.273,4.08,1.227,4.56,,,,,,,,,,,,,,,,,,,,
,,,,,,,,,,,,,,,1.423,,1.275,4.07,,4.54,,,,,,,,,,,,,,,,,,,,
,,,,,,,,,,,,,,,1.42,,1.273,4.05,,4.56,,,,,,,,,,,,,,,,,,,,
,,,,,,,,,,,,,,,1.421,,1.272,4.07,,4.55,,,,,,,,,,,,,,,,,,,,
,,,,,,,,,,,,,,,1.423,,1.273,4.06,,4.57,,,,,,,,,,,,,,,,,,,,
,,,,,,,,,,,,,,,1.425,,1.274,4.08,,4.56,,,,,,,,,,,,,,,,,,,,
,,,,,,,,,,,,,,,1.421,,1.265,4.07,,4.55,,,,,,,,,,,,,,,,,,,,
,,,,,,,,,,,,,,,,,1.264,4.06,,4.65,,,,,,,,,,,,,,,,,,,,
,,,,,,,,,,,,,,,,,1.265,4.16,,4.64,,,,,,,,,,,,,,,,,,,,
,,,,,,,,,,,,,,,,,1.266,4.15,,4.66,,,,,,,,,,,,,,,,,,,,
,,,,,,,,,,,,,,,,,1.267,4.17,,4.64,,,,,,,,,,,,,,,,,,,,
,,,,,,,,,,,,,,,,,1.265,4.16,,4.63,,,,,,,,,,,,,,,,,,,,
,,,,,,,,,,,,,,,,,,4.15,,4.62,,,,,,,,,,,,,,,,,,,,
,,,,,,,,,,,,,,,,,,4.14,,4.64,,,,,,,,,,,,,,,,,,,,
,,,,,,,,,,,,,,,,,,4.13,,,,,,,,,,,,,,,,,,,,,,
,,,,,,,,,,,,,,,,,,4.16,,,,,,,,,,,,,,,,,,,,,,
