timestamp,money_line_home,money_line_draw,money_line_away,spread_-1.75_home,spread_-1.75_away,spread_-1.5_home,spread_-1.5_away,spread_-1.25_home,spread_-1.25_away,spread_-1.0_home,spread_-1.0_away,spread_-0.75_home,spread_-0.75_away,spread_-0.5_home,spread_-0.5_away,spread_-0.25_home,spread_-0.25_away,spread_0.0_home,spread_0.0_away,spread_0.25_home,spread_0.25_away,totals_4.5_over,totals_4.5_under
2025-11-23 16:34:21,1.74,4.13,4.02,3.47,1.297,2.86,1.409,2.57,1.502,2.26,1.636,1.943,1.877,1.74,2.09,1.543,2.46,1.349,3.14,1.285,3.57,3.37,1.331
2025-11-23 16:35:21,1.746,4.13,4.01,3.49,1.295,2.87,1.408,2.58,1.5,2.27,1.632,1.952,1.869,1.746,2.09,1.546,2.45,1.352,3.13,1.287,3.55,3.37,1.331
2025-11-23 16:38:01,1.769,4.07,3.95,3.55,1.288,2.92,1.396,2.62,1.485,2.32,1.609,1.98,1.84,1.769,2.06,1.564,2.41,1.363,3.07,1.294,3.5,3.37,1.331
2025-11-23 16:38:31,1.793,4.01,3.89,3.61,1.28,2.97,1.384,2.67,1.469,2.36,1.588,2.01,1.813,1.793,2.02,1.581,2.37,1.375,3.01,1.303,3.44,3.37,1.331
2025-11-23 16:44:46,1.781,4.02,3.94,3.58,1.283,2.94,1.39,2.65,1.476,2.34,1.598,2,1.826,1.781,2.04,1.571,2.39,1.367,3.05,1.296,3.48,3.37,1.331
2025-11-23 16:44:56,1.763,4.09,3.95,3.47,1.298,2.87,1.408,2.58,1.497,2.29,1.625,1.97,1.854,1.763,2.06,1.561,2.41,1.362,3.08,1.294,3.5,3.37,1.331
2025-11-24 04:08:14,1.787,4.17,3.93,3.53,1.304,2.91,1.414,2.63,1.505,2.33,1.628,2,1.854,1.787,2.07,1.584,2.41,1.383,3.06,1.311,3.48,3.37,1.331
2025-11-24 04:08:24,1.793,4.15,3.93,3.54,1.303,2.92,1.413,2.63,1.502,2.33,1.628,2,1.854,1.793,2.06,1.588,2.41,1.383,3.06,1.312,3.48,3.37,1.331
2025-11-24 16:13:10,1.781,4.18,3.95,3.53,1.305,2.91,1.416,2.62,1.505,2.32,1.632,1.99,1.862,1.781,2.07,1.581,2.42,1.378,3.08,1.309,3.5,3.37,1.331
2025-11-29 21:35:28,1.781,4.17,3.95,3.53,1.304,2.91,1.414,2.62,1.505,2.32,1.628,2,1.862,1.781,2.07,1.581,2.42,1.38,3.07,1.309,3.5,3.37,1.331
2025-11-30 14:44:59,1.781,4.18,3.95,3.52,1.306,2.9,1.418,2.62,1.507,2.31,1.632,1.99,1.862,1.781,2.07,1.581,2.42,1.38,3.07,1.31,3.49,3.37,1.331
2025-11-30 16:58:40,1.781,4.18,3.95,3.58,1.321,2.95,1.434,2.65,1.526,2.34,1.653,1.99,1.862,1.806,2.1,1.602,2.45,1.398,3.12,1.325,3.55,3.37,1.331
2025-11-30 19:32:30,1.826,4.23,3.98,3.65,1.313,3,1.423,2.7,1.512,2.38,1.632,2.05,1.869,1.819,2.07,1.613,2.42,1.404,3.08,1.331,3.51,3.37,1.331
2025-12-01 05:22:28,1.826,4.23,3.97,3.66,1.311,3.01,1.42,2.71,1.512,2.38,1.628,2.05,1.869,1.826,2.07,1.613,2.42,1.408,3.08,1.332,3.5,3.37,1.331
2025-12-01 13:27:49,1.819,4.25,3.99,3.62,1.316,2.98,1.427,2.69,1.515,2.37,1.641,2.04,1.869,1.826,2.08,1.613,2.43,1.408,3.08,1.33,3.52,3.37,1.331
2025-12-01 14:30:40,1.819,4.25,3.99,3.61,1.317,2.97,1.429,2.68,1.518,2.37,1.641,2.04,1.877,1.813,2.08,1.613,2.43,1.403,3.09,1.33,3.52,3.35,1.334
2025-12-01 14:31:00,1.813,4.26,4,3.58,1.322,2.95,1.434,2.66,1.526,2.35,1.649,2.03,1.877,1.813,2.08,1.609,2.44,1.401,3.1,1.328,3.53,3.27,1.346
2025-12-01 14:31:25,1.819,4.25,4,3.58,1.321,2.95,1.432,2.66,1.523,2.35,1.649,2.03,1.877,1.813,2.08,1.609,2.44,1.401,3.09,1.328,3.53,3.28,1.344
2025-12-01 14:31:30,1.813,4.26,4,3.57,1.322,2.95,1.434,2.66,1.526,2.35,1.649,2.03,1.877,1.813,2.08,1.609,2.44,1.401,3.1,1.328,3.53,3.27,1.347
2025-12-01 14:31:35,1.819,4.25,4,3.58,1.321,2.95,1.434,2.66,1.523,2.35,1.649,2.03,1.877,1.813,2.08,1.609,2.44,1.401,3.09,1.328,3.53,3.28,1.344
2025-12-01 14:45:45,1.833,4.21,3.96,3.65,1.313,3,1.421,2.71,1.51,2.39,1.628,2.06,1.862,1.826,2.06,1.621,2.41,1.409,3.06,1.334,3.49,3.29,1.343
2025-12-01 16:53:23,1.826,4.23,3.97,3.63,1.314,2.99,1.425,2.69,1.512,2.38,1.632,2.05,1.862,1.819,2.07,1.617,2.42,1.408,3.07,1.332,3.5,3.29,1.343
2025-12-01 19:25:32,1.813,4.26,4,3.6,1.318,2.97,1.431,2.67,1.52,2.36,1.645,2.03,1.877,1.813,2.08,1.609,2.44,1.401,3.1,1.328,3.53,3.28,1.344
2025-12-01 21:23:48,1.813,4.26,4,3.59,1.319,2.96,1.431,2.67,1.523,2.36,1.645,2.03,1.877,1.813,2.09,1.609,2.44,1.401,3.1,1.328,3.53,3.27,1.347
2025-12-01 21:23:58,1.813,4.26,4,3.59,1.321,2.95,1.432,2.66,1.523,2.35,1.649,2.03,1.877,1.813,2.09,1.606,2.44,1.401,3.1,1.327,3.53,3.25,1.35
2025-12-01 21:24:08,1.813,4.26,4,3.58,1.321,2.95,1.434,2.66,1.526,2.35,1.649,2.03,1.884,1.806,2.09,1.606,2.44,1.401,3.1,1.327,3.53,3.24,1.353
2025-12-01 21:24:18,1.813,4.27,4,3.57,1.322,2.94,1.434,2.65,1.526,2.35,1.649,2.03,1.884,1.806,2.09,1.606,2.44,1.4,3.1,1.327,3.54,3.22,1.355
2025-12-01 21:24:23,1.813,4.26,4,3.59,1.319,2.96,1.431,2.67,1.523,2.36,1.645,2.03,1.877,1.813,2.09,1.609,2.44,1.401,3.1,1.328,3.53,3.27,1.347
2025-12-01 23:25:41,1.813,4.26,4,3.62,1.316,2.98,1.427,2.67,1.518,2.37,1.645,2.03,1.869,1.813,2.09,1.609,2.44,1.401,3.1,1.328,3.53,3.31,1.341
2025-12-01 23:26:21,1.813,4.26,3.98,3.64,1.313,3,1.423,2.7,1.512,2.38,1.636,2.03,1.869,1.819,2.09,1.613,2.44,1.404,3.08,1.331,3.51,3.36,1.333
2025-12-01 23:56:50,1.826,4.23,3.98,3.67,1.309,3.02,1.418,2.71,1.507,2.39,1.628,2.03,1.862,1.819,2.07,1.617,2.42,1.406,3.08,1.331,3.51,3.36,1.333
2025-12-01 23:58:15,1.787,4.33,4.07,3.57,1.323,2.94,1.436,2.64,1.531,2.32,1.666,2,1.909,1.781,2.13,1.584,2.49,1.387,3.17,1.318,3.61,3.36,1.333
2025-12-02 00:45:20,1.769,4.36,4.12,3.52,1.33,2.9,1.444,2.61,1.543,2.29,1.68,1.98,1.925,1.769,2.15,1.574,2.52,1.378,3.22,1.312,3.65,3.36,1.333
2025-12-02 00:46:25,1.751,4.41,4.19,3.46,1.338,2.86,1.456,2.57,1.558,2.25,1.699,1.952,1.952,1.746,2.18,1.558,2.56,1.367,3.28,1.303,3.72,3.36,1.333
2025-12-02 00:49:53,1.757,4.39,4.16,3.48,1.335,2.87,1.452,2.58,1.552,2.27,1.694,1.961,1.943,1.757,2.16,1.564,2.54,1.371,3.25,1.307,3.69,3.36,1.333
2025-12-02 00:51:38,1.757,4.41,4.16,3.46,1.337,2.86,1.456,2.57,1.555,2.26,1.699,1.961,1.943,1.751,2.17,1.564,2.55,1.371,3.25,1.307,3.69,3.33,1.337
2025-12-02 00:52:23,1.757,4.39,4.16,3.49,1.334,2.88,1.452,2.58,1.552,2.27,1.694,1.961,1.943,1.757,2.16,1.564,2.54,1.371,3.25,1.307,3.69,3.33,1.337
2025-12-02 00:53:43,1.757,4.4,4.16,3.47,1.336,2.87,1.454,2.57,1.555,2.26,1.694,1.961,1.943,1.757,2.16,1.564,2.54,1.371,3.25,1.307,3.69,3.35,1.333
2025-12-02 00:53:48,1.757,4.42,4.15,3.44,1.341,2.85,1.458,2.56,1.561,2.25,1.699,1.952,1.952,1.751,2.17,1.564,2.55,1.373,3.25,1.308,3.68,3.26,1.349
2025-12-02 00:53:53,1.757,4.42,4.15,3.45,1.34,2.85,1.458,2.56,1.558,2.25,1.699,1.961,1.943,1.751,2.17,1.564,2.55,1.373,3.25,1.308,3.68,3.27,1.347
2025-12-02 00:54:03,1.757,4.4,4.16,3.47,1.337,2.86,1.454,2.57,1.555,2.26,1.694,1.961,1.943,1.757,2.16,1.564,2.54,1.373,3.25,1.308,3.68,3.33,1.336
2025-12-02 00:54:43,1.763,4.38,4.16,3.49,1.334,2.88,1.452,2.58,1.552,2.27,1.689,1.961,1.943,1.757,2.16,1.568,2.54,1.371,3.25,1.307,3.69,3.33,1.336
2025-12-02 00:57:38,1.757,4.41,4.15,3.46,1.338,2.86,1.456,2.57,1.558,2.26,1.699,1.961,1.943,1.757,2.17,1.564,2.54,1.373,3.25,1.308,3.68,3.24,1.335
2025-12-02 00:58:18,1.763,4.4,4.13,3.48,1.336,2.87,1.452,2.58,1.552,2.27,1.689,1.97,1.934,1.763,2.16,1.571,2.53,1.377,3.23,1.311,3.66,3.24,1.335
2025-12-02 01:01:23,1.763,4.41,4.12,3.46,1.337,2.86,1.454,2.57,1.555,2.27,1.694,1.97,1.934,1.763,2.16,1.571,2.53,1.377,3.23,1.311,3.65,3.21,1.341
2025-12-02 01:02:33,1.787,4.39,4.03,3.5,1.333,2.89,1.448,2.6,1.543,2.3,1.675,1.99,1.917,1.781,2.13,1.571,2.49,1.392,3.23,1.311,3.57,3.09,1.362
2025-12-02 01:02:38,1.787,4.38,4.03,3.5,1.332,2.89,1.448,2.61,1.543,2.3,1.675,1.99,1.909,1.781,2.12,1.571,2.48,1.392,3.23,1.322,3.57,3.11,1.359
2025-12-02 01:02:53,1.775,4.41,4.08,3.46,1.338,2.86,1.456,2.58,1.552,2.27,1.689,1.97,1.934,1.769,2.15,1.578,2.51,1.383,3.19,1.317,3.61,3.11,1.361
2025-12-02 01:14:18,1.775,4.41,4.06,3.47,1.336,2.87,1.452,2.58,1.552,2.28,1.684,1.98,1.925,1.775,2.14,1.581,2.5,1.386,3.18,1.318,3.6,3.15,1.369
2025-12-02 01:32:04,1.775,4.41,4.06,3.46,1.338,2.86,1.454,2.58,1.552,2.28,1.689,1.98,1.925,1.769,2.14,1.581,2.5,1.386,3.18,1.319,3.6,3.12,1.374
2025-12-02 01:32:14,1.775,4.42,4.06,3.45,1.34,2.86,1.456,2.57,1.555,2.27,1.689,1.98,1.925,1.769,2.14,1.581,2.51,1.386,3.18,1.319,3.6,3.09,1.38
2025-12-02 01:32:19,1.775,4.43,4.05,3.44,1.341,2.85,1.458,2.57,1.555,2.27,1.694,1.97,1.934,1.769,2.14,1.581,2.51,1.386,3.17,1.319,3.59,3.06,1.387
2025-12-02 01:32:54,1.775,4.44,4.05,3.43,1.343,2.84,1.46,2.56,1.558,2.27,1.694,1.97,1.934,1.769,2.14,1.581,2.51,1.387,3.17,1.32,3.59,3.03,1.393
2025-12-02 01:38:39,1.775,4.43,4.05,3.44,1.341,2.85,1.458,2.57,1.555,2.27,1.689,1.97,1.925,1.769,2.14,1.581,2.5,1.387,3.17,1.319,3.59,3.06,1.386
2025-12-02 01:38:59,1.775,4.42,4.05,3.45,1.338,2.86,1.456,2.58,1.552,2.28,1.689,1.98,1.925,1.775,2.14,1.581,2.5,1.387,3.17,1.319,3.59,3.1,1.38
2025-12-02 01:39:09,1.775,4.4,4.06,3.48,1.336,2.87,1.452,2.59,1.549,2.28,1.684,1.98,1.925,1.775,2.14,1.581,2.5,1.386,3.17,1.319,3.6,3.15,1.367
2025-12-02 01:40:29,1.775,4.38,4.07,3.51,1.331,2.9,1.446,2.61,1.543,2.3,1.675,1.99,1.917,1.775,2.13,1.584,2.5,1.386,3.17,1.318,3.6,3.26,1.349
2025-12-02 01:40:34,1.775,4.38,4.06,3.51,1.332,2.9,1.446,2.6,1.543,2.3,1.675,1.99,1.917,1.775,2.13,1.584,2.5,1.387,3.17,1.319,3.6,3.24,1.352
2025-12-02 01:41:09,1.775,4.37,4.07,3.53,1.328,2.91,1.444,2.62,1.54,2.3,1.671,1.99,1.917,1.781,2.13,1.584,2.5,1.387,3.17,1.318,3.6,3.3,1.342
2025-12-02 01:41:29,1.775,4.37,4.07,3.54,1.326,2.92,1.444,2.62,1.54,2.3,1.671,1.99,1.909,1.781,2.13,1.584,2.49,1.387,3.17,1.318,3.6,3.32,1.337
2025-12-02 01:41:44,1.787,4.35,4.07,3.55,1.325,2.93,1.444,2.63,1.534,2.3,1.666,2,1.909,1.781,2.13,1.584,2.49,1.387,3.17,1.318,3.6,3.36,1.333
2025-12-02 01:41:49,1.787,4.35,4.07,3.56,1.324,2.93,1.438,2.63,1.534,2.32,1.666,2,1.909,1.781,2.13,1.584,2.49,1.387,3.17,1.319,3.6,3.36,1.333
2025-12-02 01:45:29,1.787,4.35,4.1,3.52,1.331,2.9,1.446,2.6,1.543,2.29,1.68,1.98,1.917,1.775,2.14,1.581,2.51,1.383,3.19,1.315,3.63,3.36,1.333
2025-12-02 01:50:50,1.787,4.33,4.1,3.53,1.328,2.91,1.444,2.61,1.54,2.3,1.675,1.99,1.917,1.775,2.13,1.581,2.5,1.383,3.19,1.315,3.63,3.36,1.333
2025-12-02 01:50:55,1.787,4.32,4.09,3.55,1.326,2.92,1.442,2.62,1.537,2.31,1.671,1.99,1.917,1.775,2.13,1.581,2.5,1.383,3.19,1.315,3.63,3.36,1.333
2025-12-02 01:52:15,1.787,4.34,4.08,3.52,1.33,2.9,1.446,2.61,1.543,2.3,1.675,1.99,1.917,1.775,2.14,1.581,2.5,1.383,3.19,1.315,3.62,3.36,1.333
2025-12-02 01:52:35,1.787,4.35,4.07,3.51,1.332,2.89,1.448,2.6,1.543,2.29,1.68,1.98,1.917,1.775,2.14,1.581,2.51,1.383,3.19,1.316,3.62,3.28,1.346
2025-12-02 01:53:10,1.787,4.34,4.08,3.52,1.33,2.9,1.446,2.61,1.543,2.3,1.675,1.99,1.917,1.775,2.14,1.581,2.5,1.383,3.19,1.316,3.62,3.28,1.346
2025-12-02 01:55:50,1.787,4.33,4.08,3.53,1.328,2.91,1.444,2.61,1.54,2.3,1.675,1.99,1.917,1.775,2.13,1.581,2.5,1.383,3.19,1.316,3.62,3.28,1.346
2025-12-02 01:56:50,1.787,4.33,4.08,3.54,1.326,2.92,1.442,2.62,1.537,2.31,1.671,1.99,1.917,1.775,2.13,1.581,2.5,1.383,3.19,1.315,3.63,3.28,1.346
2025-12-02 01:57:15,1.781,4.35,4.09,3.54,1.327,2.91,1.442,2.62,1.54,2.3,1.671,1.99,1.917,1.775,2.13,1.581,2.5,1.383,3.19,1.315,3.62,3.28,1.346
2025-12-02 01:59:20,1.781,4.34,4.1,3.55,1.325,2.92,1.44,2.62,1.537,2.31,1.671,1.99,1.917,1.775,2.13,1.581,2.5,1.383,3.19,1.315,3.62,3.28,1.346
2025-12-02 01:59:35,1.781,4.33,4.1,3.56,1.324,2.93,1.438,2.63,1.534,2.31,1.671,1.99,1.909,1.781,2.13,1.581,2.5,1.383,3.19,1.315,3.63,3.28,1.346
2025-12-02 02:08:39,1.781,4.32,4.1,3.57,1.323,2.93,1.438,2.63,1.534,2.32,1.666,1.99,1.909,1.781,2.13,1.584,2.5,1.383,3.19,1.315,3.63,3.28,1.346
2025-12-02 02:33:00,1.787,4.31,4.1,3.58,1.321,2.94,1.434,2.64,1.531,2.32,1.662,1.99,1.909,1.781,2.13,1.584,2.5,1.383,3.19,1.315,3.63,3.28,1.346
2025-12-02 02:33:15,1.787,4.3,4.11,3.6,1.319,2.95,1.432,2.65,1.529,2.33,1.662,1.99,1.909,1.781,2.13,1.584,2.5,1.383,3.19,1.315,3.63,3.28,1.346
2025-12-02 02:33:25,1.787,4.31,4.1,3.59,1.32,2.95,1.434,2.64,1.529,2.32,1.662,1.99,1.909,1.781,2.13,1.584,2.5,1.383,3.19,1.315,3.63,3.28,1.346
2025-12-02 02:33:45,1.787,4.31,4.1,3.59,1.319,2.95,1.434,2.65,1.529,2.33,1.662,1.99,1.909,1.781,2.13,1.584,2.5,1.383,3.19,1.315,3.63,3.28,1.346
2025-12-02 02:33:55,1.787,4.32,4.1,3.58,1.321,2.94,1.436,2.64,1.531,2.32,1.666,1.99,1.909,1.781,2.13,1.584,2.5,1.384,3.19,1.315,3.63,3.28,1.346
2025-12-02 02:50:06,1.781,4.32,4.1,3.58,1.322,2.94,1.436,2.64,1.531,2.32,1.666,1.99,1.909,1.781,2.13,1.584,2.5,1.384,3.19,1.315,3.62,3.28,1.346
2025-12-02 02:53:01,1.751,4.39,4.2,3.48,1.335,2.87,1.454,2.57,1.555,2.26,1.699,1.952,1.952,1.751,2.17,1.561,2.56,1.367,3.28,1.303,3.72,3.28,1.346
2025-12-02 03:02:27,1.751,4.4,4.2,3.47,1.336,2.86,1.454,2.57,1.555,2.26,1.699,1.952,1.952,1.751,2.17,1.561,2.56,1.367,3.28,1.304,3.71,3.28,1.346
2025-12-02 03:18:19,1.751,4.4,4.2,3.47,1.337,2.86,1.456,2.57,1.558,2.25,1.699,1.952,1.952,1.751,2.17,1.561,2.56,1.369,3.27,1.304,3.71,3.28,1.346
2025-12-02 03:44:09,1.751,4.42,4.18,3.45,1.34,2.85,1.458,2.56,1.561,2.25,1.704,1.952,1.952,1.746,2.18,1.561,2.56,1.369,3.27,1.305,3.71,3.28,1.346
2025-12-02 04:23:53,1.751,4.45,4.21,3.45,1.348,2.85,1.469,2.56,1.571,2.25,1.719,1.952,1.952,1.751,2.19,1.564,2.58,1.371,3.3,1.308,3.74,3.28,1.346
2025-12-02 04:35:13,1.763,4.42,4.16,3.5,1.341,2.88,1.46,2.59,1.561,2.28,1.699,1.97,1.952,1.763,2.17,1.574,2.55,1.38,3.26,1.314,3.69,3.28,1.346
2025-12-02 05:20:16,1.763,4.43,4.16,3.48,1.343,2.87,1.462,2.58,1.564,2.28,1.699,1.97,1.952,1.763,2.17,1.574,2.55,1.38,3.26,1.314,3.69,3.31,1.348
2025-12-02 05:48:58,1.775,4.35,4.18,3.5,1.341,2.89,1.458,2.6,1.558,2.29,1.694,1.98,1.943,1.775,2.16,1.578,2.54,1.38,3.26,1.313,3.71,3.32,1.347
2025-12-02 05:57:28,1.769,4.35,4.19,3.5,1.341,2.89,1.458,2.59,1.558,2.28,1.699,1.98,1.943,1.769,2.16,1.578,2.55,1.378,3.27,1.312,3.71,3.32,1.347
2025-12-02 06:06:34,1.763,4.37,4.22,3.47,1.346,2.87,1.465,2.58,1.564,2.27,1.709,1.97,1.952,1.763,2.18,1.571,2.56,1.373,3.29,1.308,3.74,3.32,1.347
2025-12-02 06:41:16,1.763,4.33,4.25,3.47,1.346,2.87,1.465,2.57,1.564,2.27,1.709,1.97,1.952,1.763,2.17,1.568,2.56,1.373,3.29,1.305,3.77,3.33,1.346
2025-12-02 06:41:36,1.769,4.3,4.26,3.48,1.344,2.87,1.462,2.58,1.564,2.27,1.704,1.97,1.952,1.769,2.17,1.571,2.56,1.373,3.29,1.305,3.77,3.33,1.346
2025-12-02 06:41:41,1.763,4.29,4.3,3.46,1.346,2.86,1.465,2.57,1.568,2.26,1.709,1.97,1.952,1.763,2.18,1.564,2.57,1.366,3.34,1.301,3.81,3.33,1.346
2025-12-02 06:43:56,1.746,4.32,4.35,3.42,1.353,2.83,1.473,2.54,1.578,2.24,1.724,1.943,1.97,1.746,2.2,1.555,2.61,1.357,3.39,1.294,3.86,3.32,1.346
2025-12-02 06:44:16,1.729,4.36,4.43,3.36,1.362,2.79,1.485,2.5,1.595,2.2,1.746,1.917,2,1.729,2.23,1.54,2.65,1.346,3.46,1.287,3.94,3.32,1.347
2025-12-02 07:14:00,1.735,4.35,4.41,3.39,1.358,2.8,1.48,2.52,1.588,2.21,1.74,1.934,1.99,1.735,2.22,1.543,2.63,1.35,3.44,1.289,3.91,3.32,1.347
2025-12-02 07:15:14,1.746,4.34,4.35,3.41,1.354,2.82,1.476,2.54,1.581,2.23,1.729,1.943,1.98,1.746,2.2,1.552,2.61,1.357,3.4,1.294,3.86,3.32,1.347
2025-12-02 07:15:29,1.74,4.35,4.38,3.35,1.347,2.79,1.473,2.51,1.578,2.22,1.735,1.934,1.99,1.74,2.21,1.54,2.61,1.347,3.4,1.282,3.84,3.32,1.347
2025-12-02 07:21:37,1.751,4.32,4.33,3.39,1.34,2.83,1.465,2.54,1.568,2.24,1.719,1.952,1.97,1.751,2.19,1.552,2.58,1.354,3.35,1.288,3.79,3.32,1.347
2025-12-02 07:55:00,1.757,4.31,4.3,3.42,1.336,2.84,1.46,2.55,1.561,2.26,1.714,1.961,1.961,1.757,2.18,1.555,2.57,1.358,3.33,1.29,3.77,3.32,1.347
2025-12-02 08:13:41,1.787,4.24,4.19,3.51,1.323,2.91,1.444,2.62,1.54,2.32,1.68,2,1.925,1.787,2.14,1.581,2.51,1.375,3.23,1.303,3.66,3.32,1.347
2025-12-02 09:52:06,1.781,4.25,4.23,3.49,1.325,2.9,1.446,2.6,1.543,2.3,1.684,1.99,1.934,1.781,2.15,1.574,2.52,1.37,3.26,1.299,3.7,3.32,1.347
2025-12-02 10:25:15,1.769,4.28,4.28,3.45,1.332,2.86,1.454,2.57,1.555,2.28,1.699,1.97,1.952,1.769,2.17,1.561,2.55,1.362,3.31,1.293,3.74,3.32,1.347
2025-12-02 11:27:46,1.781,4.26,4.24,3.48,1.326,2.89,1.448,2.6,1.546,2.3,1.689,1.99,1.934,1.781,2.15,1.571,2.53,1.369,3.27,1.298,3.7,3.32,1.347
2025-12-02 11:28:06,1.793,4.28,4.15,3.51,1.323,2.91,1.444,2.62,1.54,2.32,1.68,2,1.917,1.793,2.13,1.584,2.5,1.38,3.21,1.307,3.63,3.32,1.347
2025-12-02 11:36:50,1.793,4.32,4.14,3.48,1.327,2.89,1.448,2.6,1.543,2.32,1.684,2,1.917,1.793,2.13,1.584,2.51,1.38,3.21,1.307,3.63,3.3,1.349
2025-12-02 11:37:30,1.793,4.33,4.14,3.46,1.33,2.88,1.45,2.59,1.549,2.3,1.689,1.99,1.917,1.793,2.13,1.584,2.51,1.38,3.21,1.308,3.62,3.24,1.361
2025-12-02 11:48:35,1.775,4.34,4.17,3.45,1.332,2.87,1.454,2.58,1.552,2.29,1.694,1.98,1.943,1.775,2.15,1.574,2.52,1.375,3.23,1.304,3.65,3.24,1.361
2025-12-02 13:02:17,1.787,4.31,4.14,3.48,1.326,2.89,1.448,2.6,1.543,2.31,1.684,2,1.925,1.787,2.14,1.581,2.5,1.381,3.2,1.308,3.62,3.24,1.353
2025-12-02 13:02:34,1.787,4.25,4.21,3.48,1.327,2.89,1.448,2.6,1.546,2.3,1.689,2,1.925,1.787,2.14,1.578,2.51,1.373,3.25,1.301,3.68,3.29,1.353
2025-12-02 13:07:01,1.781,4.26,4.23,3.46,1.33,2.88,1.452,2.59,1.549,2.29,1.694,1.99,1.934,1.781,2.15,1.574,2.52,1.37,3.26,1.299,3.69,3.29,1.353
2025-12-02 13:16:08,1.781,4.25,4.23,3.47,1.327,2.89,1.45,2.6,1.546,2.3,1.694,1.99,1.934,1.781,2.15,1.574,2.52,1.37,3.26,1.299,3.7,3.33,1.346
2025-12-02 13:22:04,1.781,4.26,4.23,3.47,1.33,2.88,1.45,2.59,1.549,2.3,1.694,1.99,1.934,1.781,2.15,1.574,2.52,1.371,3.26,1.299,3.69,3.3,1.352
2025-12-02 13:43:12,1.781,4.25,4.24,3.48,1.327,2.89,1.45,2.6,1.546,2.3,1.689,1.99,1.934,1.781,2.15,1.574,2.52,1.371,3.27,1.299,3.69,3.3,1.352
2025-12-02 13:43:22,1.781,4.23,4.24,3.5,1.324,2.9,1.446,2.61,1.543,2.31,1.684,1.99,1.925,1.781,2.15,1.574,2.52,1.371,3.27,1.297,3.69,3.3,1.352
2025-12-02 13:50:33,1.757,4.28,4.33,3.43,1.335,2.85,1.458,2.56,1.561,2.26,1.684,1.961,1.961,1.757,2.18,1.555,2.57,1.355,3.35,1.288,3.79,3.3,1.352
2025-12-02 13:50:48,1.74,4.32,4.4,3.37,1.343,2.81,1.469,2.52,1.574,2.23,1.729,1.934,1.99,1.74,2.21,1.54,2.61,1.346,3.41,1.28,3.85,3.3,1.352
2025-12-02 13:50:58,1.729,4.34,4.44,3.35,1.348,2.79,1.476,2.5,1.581,2.21,1.74,1.925,2,1.729,2.23,1.534,2.63,1.341,3.44,1.277,3.89,3.3,1.352
2025-12-02 13:52:08,1.724,4.36,4.44,3.33,1.35,2.77,1.476,2.5,1.588,2.21,1.74,1.917,2.01,1.724,2.23,1.534,2.63,1.341,3.46,1.277,3.89,3.3,1.352
2025-12-02 13:52:43,1.735,4.38,4.36,3.35,1.347,2.79,1.473,2.51,1.581,2.21,1.735,1.934,1.99,1.735,2.22,1.54,2.61,1.349,3.39,1.284,3.82,3.3,1.352
2025-12-02 13:52:53,1.714,4.44,4.46,3.27,1.361,2.73,1.492,2.45,1.602,2.16,1.769,1.9,2.03,1.714,2.26,1.52,2.67,1.335,3.48,1.274,3.91,3.3,1.352
2025-12-02 13:53:28,1.709,4.46,4.45,3.25,1.363,2.72,1.495,2.44,1.606,2.16,1.775,1.892,2.03,1.709,2.26,1.52,2.67,1.335,3.48,1.274,3.91,3.31,1.349
2025-12-02 13:54:23,1.714,4.44,4.43,3.27,1.361,2.73,1.492,2.45,1.602,2.17,1.769,1.9,2.02,1.714,2.25,1.526,2.66,1.338,3.46,1.277,3.89,3.31,1.349
2025-12-02 13:58:28,1.729,4.41,4.39,3.3,1.355,2.76,1.485,2.48,1.591,2.19,1.751,1.917,2.01,1.729,2.23,1.534,2.63,1.344,3.42,1.281,3.85,3.31,1.348
2025-12-02 13:58:33,1.735,4.39,4.36,3.32,1.352,2.77,1.48,2.49,1.588,2.2,1.746,1.925,2,1.735,2.22,1.537,2.62,1.348,3.4,1.284,3.83,3.32,1.348
2025-12-02 13:58:43,1.763,4.34,4.26,3.4,1.34,2.83,1.465,2.54,1.564,2.25,1.714,1.961,1.961,1.763,2.18,1.558,2.56,1.363,3.31,1.294,3.73,3.33,1.346
2025-12-02 13:59:23,1.769,4.32,4.24,3.42,1.336,2.84,1.46,2.56,1.561,2.27,1.709,1.97,1.952,1.769,2.17,1.564,2.55,1.366,3.29,1.296,3.71,3.33,1.346
2025-12-02 13:59:28,1.769,4.31,4.23,3.43,1.335,2.85,1.458,2.57,1.558,2.27,1.704,1.98,1.943,1.769,2.16,1.568,2.54,1.369,3.27,1.298,3.7,3.33,1.346
2025-12-02 14:01:08,1.74,4.37,4.33,3.35,1.348,2.79,1.476,2.51,1.581,2.22,1.735,1.934,1.99,1.74,2.21,1.546,2.6,1.353,3.37,1.287,3.8,3.32,1.347
2025-12-02 14:01:13,1.746,4.37,4.32,3.36,1.346,2.8,1.471,2.52,1.578,2.23,1.729,1.943,1.98,1.746,2.2,1.549,2.59,1.354,3.35,1.289,3.78,3.33,1.346
2025-12-02 14:03:38,1.74,4.38,4.35,3.34,1.349,2.78,1.476,2.5,1.581,2.21,1.74,1.934,1.99,1.74,2.21,1.543,2.61,1.35,3.38,1.285,3.81,3.32,1.347
2025-12-02 14:10:28,1.735,4.39,4.37,3.32,1.352,2.77,1.48,2.49,1.588,2.2,1.746,1.925,2,1.735,2.22,1.537,2.62,1.347,3.4,1.283,3.83,3.32,1.347
2025-12-02 14:24:15,1.724,4.41,4.4,3.29,1.355,2.75,1.485,2.47,1.595,2.19,1.757,1.917,2.01,1.724,2.24,1.531,2.64,1.343,3.43,1.28,3.86,3.32,1.347
2025-12-02 14:24:30,1.719,4.42,4.42,3.28,1.358,2.74,1.49,2.46,1.598,2.18,1.763,1.909,2.02,1.719,2.24,1.529,2.65,1.34,3.45,1.277,3.88,3.32,1.347
2025-12-02 14:26:00,1.719,4.41,4.43,3.3,1.355,2.75,1.485,2.47,1.595,2.18,1.757,1.909,2.01,1.719,2.24,1.529,2.65,1.34,3.45,1.277,3.88,3.32,1.347
2025-12-02 14:26:15,1.724,4.4,4.43,3.31,1.353,2.76,1.483,2.48,1.591,2.19,1.751,1.917,2.01,1.724,2.24,1.529,2.65,1.34,3.45,1.277,3.89,3.32,1.347
2025-12-02 14:26:20,1.719,4.41,4.45,3.3,1.355,2.75,1.485,2.47,1.595,2.18,1.757,1.909,2.02,1.719,2.25,1.526,2.66,1.337,3.47,1.275,3.9,3.32,1.347
2025-12-02 14:28:34,1.714,4.42,4.47,3.28,1.358,2.74,1.49,2.46,1.602,2.17,1.769,1.9,2.03,1.714,2.26,1.52,2.67,1.334,3.49,1.273,3.92,3.32,1.347
2025-12-02 14:31:29,1.724,4.39,4.42,3.32,1.352,2.77,1.48,2.48,1.588,2.19,1.751,1.917,2.01,1.724,2.23,1.531,2.64,1.341,3.44,1.278,3.87,3.32,1.347
2025-12-02 14:32:24,1.719,4.41,4.45,3.23,1.367,2.7,1.502,2.43,1.613,2.15,1.781,1.884,2.04,1.699,2.28,1.51,2.7,1.325,3.55,1.265,4,3.32,1.347
2025-12-02 14:32:29,1.704,4.44,4.51,3.25,1.363,2.72,1.495,2.44,1.609,2.15,1.781,1.884,2.04,1.704,2.27,1.515,2.69,1.328,3.52,1.269,3.96,3.32,1.347
2025-12-02 14:35:05,1.714,4.41,4.46,3.29,1.357,2.75,1.487,2.47,1.598,2.18,1.763,1.909,2.02,1.714,2.25,1.523,2.66,1.336,3.47,1.274,3.91,3.32,1.347
2025-12-02 14:35:45,1.704,4.44,4.51,3.25,1.363,2.72,1.495,2.44,1.609,2.15,1.781,1.884,2.04,1.704,2.27,1.515,2.69,1.328,3.52,1.269,3.96,3.32,1.347
2025-12-02 14:36:00,1.699,4.46,4.54,3.23,1.366,2.7,1.5,2.43,1.613,2.14,1.787,1.877,2.05,1.699,2.28,1.51,2.71,1.325,3.55,1.267,3.99,3.32,1.347
2025-12-02 14:36:10,1.704,4.44,4.51,3.28,1.358,2.74,1.49,2.45,1.602,2.16,1.775,1.9,2.03,1.709,2.26,1.52,2.67,1.334,3.49,1.273,3.92,3.32,1.347
2025-12-02 14:40:04,1.704,4.43,4.51,3.28,1.359,2.74,1.49,2.45,1.602,2.16,1.769,1.9,2.03,1.709,2.26,1.52,2.67,1.334,3.49,1.273,3.92,3.32,1.347
2025-12-02 14:40:54,1.704,4.45,4.5,3.25,1.363,2.72,1.497,2.44,1.609,2.15,1.781,1.884,2.04,1.704,2.27,1.515,2.69,1.33,3.52,1.27,3.95,3.32,1.347
2025-12-02 14:40:59,1.694,4.47,4.54,3.23,1.369,2.7,1.502,2.42,1.617,2.14,1.787,1.877,2.05,1.694,2.29,1.507,2.71,1.325,3.55,1.266,3.99,3.32,1.347
2025-12-02 14:41:09,1.699,4.46,4.52,3.24,1.364,2.71,1.497,2.43,1.609,2.15,1.781,1.884,2.04,1.699,2.28,1.512,2.7,1.328,3.53,1.269,3.96,3.32,1.347
2025-12-02 14:41:19,1.719,4.42,4.45,3.29,1.357,2.74,1.487,2.46,1.598,2.18,1.763,1.909,2.02,1.719,2.25,1.526,2.66,1.337,3.47,1.275,3.9,3.32,1.347
2025-12-02 14:42:09,1.699,4.47,4.53,3.23,1.367,2.7,1.5,2.42,1.613,2.14,1.787,1.877,2.05,1.699,2.28,1.51,2.71,1.326,3.54,1.268,3.98,3.32,1.347
2025-12-02 14:42:29,1.719,4.42,4.45,3.29,1.357,2.75,1.487,2.46,1.598,2.18,1.763,1.909,2.02,1.719,2.25,1.526,2.66,1.337,3.47,1.275,3.9,3.32,1.347
2025-12-02 14:42:54,1.714,4.43,4.44,3.28,1.358,2.74,1.49,2.46,1.598,2.17,1.763,1.9,2.02,1.714,2.25,1.523,2.66,1.337,3.47,1.276,3.9,3.32,1.347
2025-12-02 14:44:04,1.699,4.47,4.51,3.24,1.366,2.71,1.5,2.43,1.613,2.14,1.781,1.884,2.05,1.699,2.28,1.512,2.7,1.328,3.52,1.27,3.96,3.32,1.347
2025-12-02 14:45:19,1.724,4.42,4.41,3.3,1.355,2.76,1.485,2.47,1.595,2.19,1.757,1.917,2.01,1.724,2.24,1.531,2.64,1.342,3.44,1.279,3.87,3.32,1.347
2025-12-02 14:45:34,1.704,4.47,4.5,3.24,1.366,2.71,1.5,2.43,1.613,2.15,1.781,1.884,2.04,1.704,2.28,1.512,2.69,1.33,3.52,1.271,3.95,3.32,1.347
2025-12-02 14:45:39,1.719,4.43,4.44,3.28,1.358,2.74,1.49,2.46,1.598,2.18,1.763,1.909,2.02,1.719,2.25,1.526,2.66,1.338,3.46,1.277,3.89,3.32,1.347
2025-12-02 14:46:19,1.704,4.46,4.49,3.24,1.364,2.71,1.497,2.43,1.609,2.15,1.781,1.884,2.04,1.704,2.27,1.515,2.69,1.331,3.51,1.271,3.94,3.32,1.347
2025-12-02 14:48:14,1.719,4.43,4.44,3.28,1.358,2.74,1.49,2.46,1.598,2.18,1.763,1.909,2.02,1.719,2.25,1.526,2.66,1.338,3.46,1.277,3.89,3.32,1.347
2025-12-02 14:50:40,1.704,4.46,4.49,3.24,1.364,2.71,1.497,2.43,1.609,2.15,1.781,1.884,2.04,1.704,2.27,1.515,2.69,1.331,3.51,1.271,3.94,3.32,1.347
2025-12-02 14:52:40,1.719,4.43,4.43,3.28,1.358,2.74,1.49,2.46,1.598,2.17,1.763,1.909,2.02,1.719,2.25,1.526,2.66,1.338,3.46,1.277,3.89,3.32,1.344
2025-12-02 14:52:55,1.699,4.47,4.5,3.23,1.367,2.7,1.5,2.43,1.613,2.14,1.781,1.884,2.05,1.699,2.28,1.512,2.69,1.33,3.52,1.271,3.95,3.32,1.346
2025-12-02 14:53:10,1.689,4.51,4.56,3.21,1.371,2.68,1.507,2.41,1.621,2.12,1.8,1.869,2.06,1.689,2.3,1.502,2.73,1.322,3.57,1.265,4.01,3.32,1.347
2025-12-02 14:54:00,1.694,4.44,4.45,3.26,1.362,2.73,1.492,2.44,1.606,2.15,1.769,1.892,2.04,1.689,2.26,1.515,2.69,1.332,3.5,1.272,3.94,3.33,1.346
2025-12-02 14:54:10,1.689,4.46,4.47,3.24,1.364,2.71,1.497,2.43,1.613,2.13,1.775,1.877,2.05,1.689,2.27,1.51,2.7,1.328,3.53,1.269,3.96,3.33,1.346
2025-12-02 14:56:00,1.689,4.46,4.47,3.26,1.362,2.72,1.495,2.44,1.609,2.14,1.775,1.884,2.05,1.689,2.27,1.512,2.7,1.328,3.53,1.269,3.96,3.33,1.346
2025-12-02 14:58:45,1.689,4.46,4.47,3.28,1.358,2.74,1.49,2.45,1.598,2.15,1.775,1.884,2.05,1.694,2.27,1.512,2.7,1.328,3.53,1.269,3.95,3.33,1.346
2025-12-02 14:59:30,1.689,4.46,4.47,3.29,1.357,2.75,1.487,2.45,1.595,2.15,1.757,1.884,2.03,1.694,2.25,1.512,2.7,1.328,3.53,1.269,3.95,3.33,1.346