timestamp,money_line_home,money_line_draw,money_line_away,spread_-1.75_home,spread_-1.75_away,spread_-1.5_home,spread_-1.5_away,spread_-1.25_home,spread_-1.25_away,spread_-1.0_home,spread_-1.0_away,spread_-0.75_home,spread_-0.75_away,spread_-0.5_home,spread_-0.5_away,spread_-0.25_home,spread_-0.25_away,spread_0.0_home,spread_0.0_away,spread_0.25_home,spread_0.25_away,totals_2.0_over,totals_2.0_under,totals_2.25_over,totals_2.25_under,totals_2.5_over,totals_2.5_under,totals_2.75_over,totals_2.75_under,totals_3.0_over,totals_3.0_under,totals_3.25_over,totals_3.25_under,totals_3.5_over,totals_3.5_under,totals_3.75_over,totals_3.75_under,totals_4.0_over,totals_4.0_under,totals_4.25_over,totals_4.25_under,totals_4.5_over,totals_4.5_under,totals_4.75_over,totals_4.75_under,totals_5.0_over,totals_5.0_under,totals_5.25_over,totals_5.25_under
2025-12-02 15:00:05,1.694,4.14,4.29,3.41,1.314,2.68,1.469,2.44,1.591,2.16,1.763,1.877,2.02,1.699,2.27,1.507,2.66,1.315,3.4,1.289,3.59,1.287,3.58,1.357,3.13,1.416,2.85,1.52,2.59,1.662,2.31,1.892,1.99,2.11,1.787,2.37,1.609,2.79,1.432,2.52,1.546,2.79,1.431,2.24,1.704,2.69,1.49,2.99,1.383
2025-12-02 15:01:40,1.689,4.15,4.29,3.41,1.314,2.67,1.471,2.43,1.591,2.15,1.769,1.877,2.03,1.699,2.27,1.505,2.66,1.315,3.41,1.289,3.59,1.287,3.58,1.357,3.13,1.411,2.87,1.512,2.61,1.653,2.33,1.877,2,2.09,1.793,2.35,1.617,2.77,1.438,2.52,1.546,2.79,1.431,2.24,1.704,2.69,1.49,2.99,1.383
2025-12-02 15:02:30,1.694,4.14,4.29,3.41,1.314,2.68,1.469,2.44,1.588,2.16,1.763,1.877,2.02,1.699,2.27,1.507,2.66,1.315,3.4,1.289,3.59,1.287,3.58,1.357,3.13,1.416,2.85,1.52,2.59,1.662,2.31,1.892,1.99,2.11,1.787,2.37,1.609,2.79,1.431,2.52,1.546,2.79,1.431,2.24,1.704,2.69,1.49,2.99,1.383
2025-12-02 15:02:50,1.694,4.13,4.29,3.41,1.314,2.69,1.467,2.44,1.588,2.17,1.763,1.884,2.02,1.699,2.26,1.507,2.66,1.316,3.4,1.289,3.59,1.287,3.58,1.357,3.13,1.421,2.83,1.526,2.57,1.671,2.29,1.9,1.98,2.12,1.775,2.38,1.602,2.81,1.425,2.52,1.546,2.79,1.431,2.24,1.704,2.69,1.49,2.99,1.383
2025-12-02 15:03:15,1.704,4.1,4.26,3.41,1.314,2.71,1.462,2.46,1.581,2.18,1.751,1.892,2.01,1.709,2.25,1.515,2.64,1.32,3.37,1.289,3.59,1.287,3.58,1.357,3.13,1.423,2.82,1.529,2.57,1.675,2.29,1.909,1.98,2.12,1.775,2.39,1.598,2.82,1.423,2.52,1.546,2.79,1.431,2.24,1.704,2.69,1.49,2.99,1.383
2025-12-02 15:03:25,1.714,4.06,4.23,3.41,1.314,2.74,1.452,2.49,1.568,2.21,1.735,1.917,1.99,1.724,2.22,1.523,2.61,1.326,3.33,1.289,3.59,1.287,3.58,1.357,3.13,1.431,2.79,1.54,2.54,1.689,2.26,1.925,1.961,2.14,1.763,2.42,1.588,2.86,1.413,2.52,1.546,2.79,1.431,2.24,1.704,2.69,1.49,2.99,1.383
2025-12-02 15:03:45,1.724,4.04,4.21,3.41,1.314,2.76,1.448,2.51,1.561,2.22,1.724,1.925,1.98,1.729,2.21,1.529,2.59,1.33,3.31,1.289,3.59,1.287,3.58,1.357,3.13,1.436,2.77,1.546,2.52,1.699,2.24,1.934,1.952,2.15,1.751,2.43,1.581,2.88,1.408,2.52,1.546,2.79,1.431,2.24,1.704,2.69,1.49,2.99,1.383
2025-12-02 15:03:50,1.735,4.01,4.19,3.41,1.314,2.8,1.436,2.54,1.546,2.25,1.709,1.943,1.961,1.74,2.2,1.534,2.58,1.333,3.29,1.289,3.59,1.287,3.58,1.357,3.13,1.462,2.68,1.584,2.42,1.757,2.15,2.01,1.877,2.24,1.699,2.54,1.537,3.04,1.374,2.52,1.546,2.79,1.431,2.24,1.704,2.69,1.49,2.99,1.383
2025-12-02 15:04:10,1.719,4.07,4.19,3.41,1.314,2.76,1.448,2.51,1.561,2.22,1.724,1.917,1.98,1.724,2.22,1.529,2.6,1.33,3.31,1.289,3.59,1.287,3.58,1.357,3.13,1.425,2.81,1.534,2.55,1.689,2.26,1.925,1.952,2.15,1.751,2.43,1.581,2.88,1.408,2.52,1.546,2.79,1.431,2.24,1.704,2.69,1.49,2.99,1.383
2025-12-02 15:04:20,1.729,4.04,4.17,3.41,1.314,2.78,1.44,2.53,1.552,2.24,1.714,1.934,1.97,1.735,2.2,1.537,2.57,1.335,3.28,1.289,3.59,1.287,3.58,1.357,3.13,1.432,2.78,1.546,2.52,1.699,2.24,1.943,1.934,2.17,1.74,2.46,1.571,2.92,1.4,2.52,1.546,2.79,1.431,2.24,1.704,2.69,1.49,2.99,1.383
2025-12-02 15:04:25,1.746,4.01,4.12,3.41,1.314,2.82,1.432,2.56,1.54,2.27,1.694,1.961,1.943,1.751,2.18,1.549,2.54,1.343,3.23,1.289,3.59,1.287,3.58,1.357,3.13,1.436,2.77,1.549,2.51,1.704,2.23,1.952,1.934,2.18,1.735,2.46,1.568,2.93,1.396,2.52,1.546,2.79,1.431,2.24,1.704,2.69,1.49,2.99,1.383
2025-12-02 15:04:50,1.751,3.99,4.11,3.41,1.314,2.83,1.427,2.58,1.534,2.29,1.689,1.961,1.943,1.757,2.17,1.552,2.53,1.346,3.22,1.289,3.59,1.287,3.58,1.357,3.13,1.442,2.75,1.558,2.49,1.719,2.21,1.97,1.917,2.2,1.724,2.49,1.558,2.97,1.389,2.52,1.546,2.79,1.431,2.24,1.704,2.69,1.49,2.99,1.383
2025-12-02 15:04:55,1.757,3.98,4.09,3.41,1.314,2.85,1.423,2.59,1.529,2.3,1.68,1.97,1.925,1.763,2.16,1.555,2.52,1.349,3.2,1.289,3.59,1.287,3.58,1.357,3.13,1.444,2.74,1.558,2.49,1.719,2.2,1.97,1.917,2.2,1.724,2.49,1.555,2.97,1.387,2.52,1.546,2.79,1.431,2.24,1.704,2.69,1.49,2.99,1.383
2025-12-02 15:05:20,1.763,3.97,4.08,3.41,1.314,2.86,1.42,2.6,1.526,2.31,1.675,1.98,1.925,1.769,2.15,1.558,2.51,1.35,3.19,1.289,3.59,1.287,3.58,1.357,3.13,1.45,2.72,1.568,2.46,1.735,2.18,1.98,1.9,2.22,1.714,2.52,1.546,3.01,1.38,2.52,1.546,2.79,1.431,2.24,1.704,2.69,1.49,2.99,1.383
2025-12-02 15:05:55,1.763,3.95,4.08,3.41,1.314,2.87,1.418,2.61,1.523,2.32,1.671,1.98,1.917,1.769,2.15,1.561,2.51,1.35,3.19,1.289,3.59,1.287,3.58,1.357,3.13,1.456,2.7,1.574,2.44,1.746,2.17,2,1.884,2.23,1.704,2.54,1.537,3.04,1.373,2.52,1.546,2.79,1.431,2.24,1.704,2.69,1.49,2.99,1.383
2025-12-02 15:06:20,1.775,3.94,4.06,3.41,1.314,2.89,1.413,2.63,1.518,2.33,1.662,1.99,1.909,1.781,2.14,1.568,2.49,1.355,3.16,1.289,3.59,1.287,3.58,1.357,3.13,1.458,2.69,1.581,2.43,1.751,2.15,2.01,1.877,2.25,1.694,2.56,1.531,3.08,1.366,2.52,1.546,2.79,1.431,2.24,1.704,2.69,1.49,2.99,1.383
2025-12-02 15:06:50,1.775,3.92,4.05,3.41,1.314,2.9,1.409,2.64,1.512,2.35,1.657,2,1.9,1.781,2.13,1.571,2.48,1.357,3.16,1.289,3.59,1.287,3.58,1.357,3.13,1.467,2.66,1.591,2.41,1.769,2.13,2.02,1.854,2.27,1.684,2.59,1.52,3.12,1.358,2.52,1.546,2.79,1.431,2.24,1.704,2.69,1.49,2.99,1.383
2025-12-02 15:07:20,1.781,3.9,4.04,3.41,1.314,2.92,1.404,2.66,1.507,2.36,1.649,2.01,1.892,1.793,2.12,1.574,2.47,1.359,3.14,1.289,3.59,1.287,3.58,1.357,3.13,1.476,2.64,1.602,2.38,1.787,2.11,2.04,1.84,2.29,1.671,2.62,1.51,3.16,1.35,2.52,1.546,2.79,1.431,2.24,1.704,2.69,1.49,2.99,1.383
2025-12-02 15:07:35,1.787,3.89,4.04,3.41,1.314,2.93,1.403,2.67,1.502,2.37,1.645,2.01,1.884,1.793,2.12,1.578,2.47,1.361,3.13,1.289,3.59,1.287,3.58,1.357,3.13,1.483,2.62,1.609,2.36,1.8,2.09,2.06,1.826,2.31,1.662,2.64,1.502,3.2,1.344,2.52,1.546,2.79,1.431,2.24,1.704,2.69,1.49,2.99,1.383
2025-12-02 15:07:40,1.793,3.86,4.04,3.41,1.314,2.95,1.398,2.69,1.497,2.39,1.636,2.02,1.877,1.8,2.11,1.581,2.46,1.362,3.13,1.289,3.59,1.287,3.58,1.357,3.13,1.518,2.6,1.649,2.34,1.833,2.05,2.09,1.8,2.33,1.628,2.66,1.469,3.2,1.344,2.52,1.546,2.79,1.431,2.24,1.704,2.69,1.49,2.99,1.383
2025-12-02 15:07:45,1.8,3.82,4.04,3.41,1.314,2.98,1.392,2.71,1.49,2.41,1.628,2.03,1.869,1.806,2.1,1.584,2.45,1.363,3.12,1.289,3.59,1.287,3.58,1.377,3.02,1.546,2.52,1.684,2.27,1.884,2,2.14,1.763,2.38,1.606,2.72,1.45,3.2,1.344,2.52,1.546,2.79,1.431,2.24,1.704,2.69,1.49,2.99,1.383
2025-12-02 15:08:15,1.806,3.81,4.05,3.41,1.314,2.99,1.39,2.72,1.487,2.41,1.625,2.04,1.862,1.813,2.09,1.588,2.44,1.363,3.12,1.289,3.59,1.287,3.58,1.386,2.98,1.555,2.49,1.699,2.24,1.909,1.98,2.16,1.746,2.41,1.591,2.76,1.44,3.2,1.344,2.52,1.546,2.79,1.431,2.24,1.704,2.69,1.49,2.99,1.383
2025-12-02 15:08:45,1.806,3.79,4.05,3.41,1.314,3,1.387,2.74,1.483,2.42,1.621,2.04,1.862,1.813,2.09,1.588,2.44,1.364,3.12,1.289,3.59,1.287,3.58,1.392,2.95,1.564,2.47,1.709,2.22,1.925,1.961,2.18,1.735,2.43,1.581,2.79,1.432,3.2,1.344,2.52,1.546,2.79,1.431,2.24,1.704,2.69,1.49,2.99,1.383
2025-12-02 15:09:15,1.813,3.78,4.04,3.41,1.314,3.02,1.383,2.75,1.478,2.44,1.613,2.05,1.854,1.819,2.08,1.591,2.43,1.366,3.11,1.289,3.59,1.287,3.58,1.4,2.92,1.574,2.44,1.724,2.2,1.943,1.943,2.21,1.719,2.45,1.571,2.82,1.421,3.2,1.344,2.52,1.546,2.79,1.431,2.24,1.704,2.69,1.49,2.99,1.383
2025-12-02 15:09:50,1.781,3.78,4.14,3.41,1.314,2.96,1.396,2.69,1.497,2.38,1.641,2.01,1.892,1.787,2.13,1.568,2.49,1.348,3.2,1.289,3.59,1.287,3.58,1.403,2.91,1.578,2.44,1.729,2.19,1.952,1.934,2.22,1.714,2.46,1.568,2.84,1.42,3.2,1.344,2.52,1.546,2.79,1.431,2.24,1.704,2.69,1.49,2.99,1.383
2025-12-02 15:10:00,1.775,3.85,4.14,3.41,1.314,2.94,1.401,2.67,1.502,2.36,1.649,2,1.9,1.781,2.13,1.564,2.5,1.347,3.21,1.289,3.59,1.287,3.58,1.387,2.98,1.558,2.49,1.699,2.24,1.909,1.97,2.17,1.74,2.41,1.588,2.77,1.436,3.2,1.344,2.52,1.546,2.79,1.431,2.24,1.704,2.69,1.49,2.99,1.383
2025-12-02 15:10:30,1.769,3.85,4.18,3.41,1.314,2.93,1.403,2.66,1.505,2.35,1.653,2,1.9,1.775,2.13,1.558,2.51,1.342,3.23,1.289,3.59,1.287,3.58,1.393,2.94,1.568,2.49,1.714,2.24,1.934,1.952,2.17,1.729,2.44,1.578,2.77,1.429,3.2,1.344,2.52,1.546,2.79,1.431,2.24,1.704,2.69,1.49,2.99,1.383
2025-12-02 15:10:55,1.763,3.85,4.21,3.41,1.314,2.92,1.406,2.65,1.51,2.34,1.662,1.99,1.917,1.769,2.15,1.552,2.53,1.337,3.26,1.289,3.59,1.287,3.58,1.395,2.94,1.568,2.46,1.714,2.21,1.934,1.952,2.17,1.729,2.44,1.578,2.81,1.427,3.2,1.344,2.52,1.546,2.79,1.431,2.24,1.704,2.69,1.49,2.99,1.383
2025-12-02 15:11:00,1.769,3.83,4.19,3.41,1.314,2.93,1.403,2.66,1.505,2.35,1.653,2,1.909,1.775,2.14,1.558,2.51,1.341,3.25,1.289,3.59,1.287,3.58,1.398,2.93,1.571,2.45,1.719,2.21,1.943,1.943,2.2,1.724,2.45,1.574,2.82,1.423,3.2,1.344,2.52,1.546,2.79,1.431,2.24,1.704,2.69,1.49,2.99,1.383
2025-12-02 15:11:20,1.775,3.82,4.19,3.41,1.314,2.94,1.4,2.67,1.502,2.36,1.649,2,1.9,1.781,2.14,1.561,2.51,1.341,3.24,1.289,3.59,1.287,3.58,1.404,2.9,1.581,2.43,1.729,2.19,1.961,1.925,2.22,1.709,2.47,1.564,2.85,1.416,3.2,1.344,2.52,1.546,2.79,1.431,2.24,1.704,2.69,1.49,2.99,1.383
2025-12-02 15:11:51,1.775,3.8,4.19,3.41,1.314,2.96,1.396,2.69,1.497,2.37,1.645,2.01,1.892,1.781,2.13,1.561,2.5,1.342,3.24,1.289,3.59,1.287,3.58,1.414,2.86,1.595,2.4,1.751,2.16,1.98,1.9,2.25,1.694,2.5,1.552,2.89,1.406,3.2,1.344,2.52,1.546,2.79,1.431,2.24,1.704,2.69,1.49,2.99,1.383
2025-12-02 15:12:01,1.769,3.81,4.23,3.41,1.314,2.94,1.401,2.67,1.505,2.36,1.653,1.99,1.909,1.775,2.14,1.555,2.52,1.336,3.27,1.289,3.59,1.287,3.58,1.416,2.85,1.595,2.4,1.751,2.16,1.98,1.9,2.25,1.694,2.51,1.552,2.9,1.404,3.2,1.344,2.52,1.546,2.79,1.431,2.24,1.704,2.69,1.49,2.99,1.383
2025-12-02 15:12:16,1.769,3.8,4.24,3.41,1.314,2.94,1.401,2.67,1.505,2.35,1.653,1.99,1.909,1.775,2.15,1.555,2.53,1.335,3.28,1.289,3.59,1.287,3.58,1.42,2.84,1.598,2.39,1.757,2.15,1.99,1.884,2.27,1.684,2.52,1.546,2.92,1.401,3.2,1.344,2.52,1.546,2.79,1.431,2.24,1.704,2.69,1.49,2.99,1.383
2025-12-02 15:12:41,1.769,3.79,4.25,3.41,1.314,2.95,1.4,2.67,1.502,2.36,1.653,1.99,1.909,1.775,2.15,1.552,2.53,1.334,3.28,1.289,3.59,1.287,3.58,1.429,2.8,1.609,2.36,1.775,2.12,2.02,1.869,2.29,1.671,2.55,1.534,2.95,1.392,3.2,1.344,2.52,1.546,2.79,1.431,2.24,1.704,2.69,1.49,2.99,1.383
2025-12-02 15:13:01,1.781,3.77,4.2,3.41,1.314,2.99,1.39,2.71,1.492,2.39,1.636,2.01,1.884,1.787,2.12,1.564,2.5,1.342,3.24,1.289,3.59,1.287,3.58,1.434,2.78,1.617,2.35,1.781,2.11,2.03,1.854,2.31,1.662,2.57,1.529,2.98,1.386,3.2,1.344,2.52,1.546,2.79,1.431,2.24,1.704,2.69,1.49,2.99,1.383
2025-12-02 15:13:21,1.787,3.76,4.2,3.41,1.314,3,1.389,2.72,1.487,2.4,1.628,2.02,1.877,1.793,2.12,1.568,2.49,1.343,3.23,1.289,3.59,1.287,3.58,1.44,2.76,1.625,2.33,1.793,2.09,2.05,1.84,2.33,1.653,2.59,1.52,3.01,1.38,3.2,1.344,2.52,1.546,2.79,1.431,2.24,1.704,2.69,1.49,2.99,1.383
2025-12-02 15:13:46,1.781,3.76,4.2,3.41,1.314,3,1.389,2.72,1.49,2.39,1.632,2.02,1.884,1.787,2.12,1.568,2.5,1.34,3.25,1.289,3.59,1.287,3.58,1.448,2.73,1.636,2.31,1.813,2.08,2.07,1.819,2.35,1.641,2.62,1.512,3.04,1.373,3.2,1.344,2.52,1.546,2.79,1.431,2.24,1.704,2.69,1.49,2.99,1.383
2025-12-02 15:13:56,1.757,3.8,4.29,3.41,1.314,2.95,1.4,2.67,1.505,2.35,1.653,1.99,1.917,1.763,2.16,1.546,2.55,1.328,3.32,1.289,3.59,1.287,3.58,1.448,2.73,1.636,2.31,1.806,2.08,2.06,1.819,2.35,1.641,2.61,1.512,3.04,1.373,3.2,1.344,2.52,1.546,2.79,1.431,2.24,1.704,2.69,1.49,2.99,1.383
2025-12-02 15:14:06,1.746,3.81,4.34,3.41,1.314,2.93,1.404,2.65,1.51,2.33,1.666,1.97,1.925,1.757,2.17,1.537,2.57,1.322,3.36,1.289,3.59,1.287,3.58,1.448,2.73,1.636,2.31,1.813,2.08,2.07,1.819,2.35,1.641,2.62,1.512,3.05,1.373,3.2,1.344,2.52,1.546,2.79,1.431,2.24,1.704,2.69,1.49,2.99,1.383
2025-12-02 15:14:31,1.735,3.83,4.39,3.41,1.314,2.9,1.411,2.62,1.52,2.3,1.68,1.952,1.952,1.74,2.2,1.529,2.6,1.314,3.41,1.289,3.59,1.287,3.58,1.471,2.75,1.657,2.32,1.819,2.07,2.08,1.806,2.35,1.617,2.6,1.487,3.05,1.373,3.2,1.344,2.52,1.546,2.79,1.431,2.24,1.704,2.69,1.49,2.99,1.383
2025-12-02 15:14:46,1.769,3.78,4.28,3.41,1.314,2.98,1.393,2.7,1.495,2.37,1.645,2,1.9,1.775,2.15,1.552,2.53,1.332,3.3,1.289,3.59,1.29,3.55,1.476,2.73,1.662,2.31,1.826,2.06,2.09,1.8,2.36,1.609,2.61,1.483,3.05,1.373,3.2,1.344,2.52,1.546,2.79,1.431,2.24,1.704,2.69,1.49,2.99,1.383
2025-12-02 15:14:51,1.781,3.75,4.24,3.41,1.314,3.01,1.387,2.73,1.487,2.4,1.632,2.01,1.884,1.787,2.13,1.561,2.51,1.338,3.26,1.289,3.59,1.292,3.54,1.478,2.72,1.666,2.3,1.833,2.05,2.1,1.793,2.37,1.609,2.62,1.48,3.05,1.373,3.2,1.344,2.52,1.546,2.79,1.431,2.24,1.704,2.69,1.49,2.99,1.383
2025-12-02 15:15:11,1.813,3.7,4.13,3.41,1.314,3.09,1.37,2.8,1.465,2.47,1.598,2.06,1.847,1.819,2.08,1.588,2.44,1.357,3.16,1.289,3.59,1.297,3.5,1.485,2.7,1.675,2.28,1.847,2.04,2.11,1.781,2.39,1.598,2.64,1.473,3.05,1.373,3.2,1.344,2.52,1.546,2.79,1.431,2.24,1.704,2.69,1.49,2.99,1.383
2025-12-02 15:15:41,1.826,3.68,4.1,3.41,1.314,3.09,1.37,2.78,1.44,2.47,1.574,2.07,1.826,1.833,2.07,1.609,2.45,1.375,3.2,1.289,3.59,1.308,3.43,1.5,2.65,1.694,2.25,1.877,2.01,2.15,1.757,2.43,1.584,2.68,1.462,3.05,1.373,3.2,1.344,2.52,1.546,2.79,1.431,2.24,1.704,2.69,1.49,2.99,1.383
2025-12-02 15:16:11,1.826,3.69,4.08,3.41,1.314,3.09,1.37,2.79,1.438,2.48,1.571,2.08,1.826,1.833,2.07,1.609,2.45,1.378,3.18,1.291,3.57,1.302,3.47,1.492,2.68,1.684,2.27,1.854,2.03,2.13,1.769,2.4,1.595,2.65,1.469,3.05,1.373,3.2,1.344,2.52,1.546,2.79,1.431,2.24,1.704,2.69,1.49,2.99,1.383
2025-12-02 15:16:16,1.819,3.7,4.11,3.41,1.314,3.12,1.364,2.83,1.458,2.49,1.591,2.06,1.84,1.826,2.08,1.591,2.43,1.359,3.14,1.291,3.57,1.303,3.47,1.492,2.68,1.684,2.27,1.854,2.02,2.13,1.769,2.4,1.591,2.66,1.469,3.05,1.373,3.2,1.344,2.52,1.546,2.79,1.431,2.24,1.704,2.69,1.49,2.99,1.383
2025-12-02 15:16:21,1.806,3.72,4.14,3.41,1.314,3.1,1.369,2.81,1.462,2.47,1.598,2.05,1.847,1.813,2.09,1.584,2.45,1.354,3.17,1.291,3.57,1.301,3.48,1.49,2.68,1.684,2.27,1.854,2.03,2.12,1.775,2.4,1.595,2.65,1.469,3.05,1.373,3.2,1.344,2.52,1.546,2.79,1.431,2.24,1.704,2.69,1.49,2.99,1.383
2025-12-02 15:16:36,1.793,3.73,4.19,3.41,1.314,3.06,1.375,2.77,1.473,2.44,1.613,2.04,1.862,1.8,2.11,1.574,2.48,1.347,3.21,1.291,3.57,1.299,3.49,1.487,2.69,1.68,2.28,1.847,2.03,2.12,1.781,2.39,1.598,2.64,1.473,3.05,1.373,3.2,1.344,2.52,1.546,2.79,1.431,2.24,1.704,2.69,1.49,2.99,1.383
2025-12-02 15:17:01,1.781,3.75,4.25,3.41,1.314,3.02,1.384,2.74,1.483,2.41,1.628,2.01,1.884,1.787,2.13,1.561,2.51,1.337,3.27,1.291,3.57,1.297,3.5,1.485,2.7,1.675,2.28,1.847,2.04,2.11,1.781,2.38,1.602,2.63,1.476,3.05,1.373,3.2,1.344,2.52,1.546,2.79,1.431,2.24,1.704,2.69,1.49,2.99,1.383
2025-12-02 15:17:06,1.787,3.74,4.21,3.41,1.314,3.05,1.378,2.76,1.476,2.43,1.617,2.03,1.869,1.793,2.11,1.568,2.49,1.343,3.23,1.291,3.57,1.298,3.5,1.487,2.7,1.675,2.28,1.847,2.04,2.11,1.781,2.39,1.598,2.64,1.473,3.05,1.373,3.2,1.344,2.52,1.546,2.79,1.431,2.24,1.704,2.69,1.49,2.99,1.383
2025-12-02 15:17:36,1.793,3.73,4.2,3.41,1.314,3.07,1.374,2.78,1.471,2.44,1.613,2.03,1.869,1.8,2.11,1.571,2.48,1.344,3.22,1.291,3.57,1.307,3.43,1.5,2.65,1.694,2.25,1.869,2.01,2.15,1.757,2.43,1.584,2.68,1.46,3.05,1.373,3.2,1.344,2.52,1.546,2.79,1.431,2.24,1.704,2.69,1.49,2.99,1.383
2025-12-02 15:18:01,1.8,3.71,4.2,3.41,1.314,3.08,1.37,2.79,1.467,2.46,1.606,2.04,1.862,1.806,2.1,1.574,2.47,1.346,3.22,1.291,3.57,1.316,3.37,1.512,2.62,1.709,2.22,1.892,1.99,2.18,1.735,2.46,1.568,2.72,1.45,3.05,1.373,3.2,1.344,2.52,1.546,2.79,1.431,2.24,1.704,2.69,1.49,2.99,1.383
2025-12-02 15:18:41,1.819,3.67,4.12,3.41,1.314,3.08,1.37,2.8,1.434,2.49,1.568,2.08,1.826,1.833,2.07,1.606,2.45,1.373,3.21,1.287,3.61,1.323,3.32,1.523,2.59,1.724,2.2,1.917,1.97,2.21,1.719,2.49,1.555,2.75,1.442,3.05,1.373,3.2,1.344,2.52,1.546,2.79,1.431,2.24,1.704,2.69,1.49,2.99,1.383
2025-12-02 15:19:13,1.826,3.65,4.11,3.41,1.314,3.08,1.37,2.82,1.429,2.51,1.561,2.08,1.819,1.84,2.06,1.609,2.44,1.375,3.2,1.289,3.6,1.332,3.27,1.534,2.55,1.735,2.18,1.934,1.952,2.24,1.704,2.52,1.543,2.79,1.432,3.05,1.373,3.2,1.344,2.52,1.546,2.79,1.431,2.24,1.704,2.69,1.49,2.99,1.383
2025-12-02 15:19:43,1.833,3.64,4.12,3.41,1.314,3.08,1.37,2.84,1.425,2.52,1.558,2.09,1.813,1.84,2.06,1.613,2.44,1.374,3.2,1.287,3.6,1.344,3.2,1.549,2.51,1.757,2.15,1.961,1.917,2.28,1.675,2.57,1.526,2.84,1.418,3.05,1.373,3.2,1.344,2.52,1.546,2.79,1.431,2.24,1.704,2.69,1.49,2.99,1.383
2025-12-02 15:20:14,1.833,3.62,4.13,3.41,1.314,3.08,1.37,2.85,1.421,2.53,1.552,2.09,1.813,1.84,2.06,1.613,2.44,1.374,3.2,1.287,3.61,1.354,3.14,1.564,2.47,1.775,2.12,1.99,1.892,2.32,1.657,2.61,1.512,2.89,1.408,3.05,1.373,3.2,1.344,2.52,1.546,2.79,1.431,2.24,1.704,2.69,1.49,2.99,1.383
2025-12-02 15:20:34,2.98,3.51,2.27,3.41,1.314,2.92,1.404,2.61,1.523,2.26,1.704,1.9,2,1.684,2.29,1.49,2.71,1.295,3.54,1.287,3.61,1.354,3.14,1.564,2.47,1.775,2.12,1.99,1.892,1.31,3.41,1.515,2.61,1.719,2.2,1.917,1.97,2.22,1.709,2.52,1.546,2.79,1.431,2.24,1.704,2.69,1.49,2.99,1.383
2025-12-02 15:21:04,3.04,3.52,2.23,3.41,1.314,2.99,1.39,2.67,1.502,2.32,1.671,1.934,1.97,1.709,2.24,1.51,2.65,1.311,3.43,1.287,3.61,1.354,3.14,1.564,2.47,1.775,2.12,1.99,1.892,1.309,3.42,1.512,2.61,1.719,2.21,1.917,1.97,2.22,1.714,2.52,1.546,2.79,1.432,2.24,1.704,2.69,1.49,2.99,1.383
2025-12-02 15:21:24,2.96,3.49,2.3,3.41,1.314,2.9,1.411,2.59,1.531,2.24,1.714,1.877,2.02,1.675,2.31,1.483,2.74,1.292,3.57,1.287,3.61,1.354,3.14,1.564,2.47,1.775,2.12,1.99,1.892,1.304,3.45,1.505,2.63,1.709,2.22,1.9,1.98,2.2,1.724,2.5,1.555,2.77,1.436,2.24,1.704,2.69,1.49,2.99,1.383
2025-12-02 15:21:34,2.97,3.48,2.29,3.41,1.314,2.92,1.406,2.61,1.526,2.25,1.709,1.884,2.01,1.68,2.3,1.485,2.73,1.293,3.56,1.287,3.61,1.354,3.14,1.564,2.47,1.775,2.12,1.99,1.892,1.314,3.38,1.52,2.59,1.729,2.19,1.925,1.952,2.24,1.699,2.54,1.537,2.81,1.425,2.24,1.704,2.69,1.49,2.99,1.383
2025-12-02 15:22:14,2.88,3.47,2.35,3.41,1.314,2.82,1.431,2.52,1.558,2.17,1.757,1.833,2.07,1.645,2.37,1.458,2.82,1.274,3.71,1.287,3.61,1.354,3.14,1.564,2.47,1.775,2.12,1.99,1.892,1.317,3.37,1.523,2.58,1.729,2.19,1.934,1.952,2.25,1.694,2.55,1.534,2.81,1.421,2.24,1.704,2.69,1.49,2.99,1.383
2025-12-02 15:22:29,2.88,3.46,2.36,3.41,1.314,2.82,1.431,2.51,1.558,2.17,1.757,1.833,2.07,1.645,2.37,1.456,2.83,1.272,3.71,1.287,3.61,1.354,3.14,1.564,2.47,1.775,2.12,1.99,1.892,1.322,3.33,1.531,2.56,1.74,2.17,1.952,1.934,2.27,1.68,2.57,1.526,2.85,1.416,2.24,1.704,2.69,1.49,2.99,1.383
2025-12-02 15:22:54,2.9,3.45,2.35,3.41,1.314,2.85,1.423,2.54,1.549,2.19,1.746,1.84,2.06,1.649,2.36,1.46,2.82,1.273,3.72,1.287,3.61,1.354,3.14,1.564,2.47,1.775,2.12,1.99,1.892,1.343,3.21,1.561,2.48,1.787,2.11,2,1.877,2.36,1.636,2.66,1.497,2.95,1.393,2.24,1.704,2.69,1.49,2.99,1.383
2025-12-02 15:23:04,2.92,3.45,2.34,3.41,1.314,2.86,1.42,2.55,1.546,2.19,1.74,1.847,2.06,1.649,2.36,1.462,2.81,1.273,3.72,1.287,3.61,1.354,3.14,1.564,2.47,1.775,2.12,1.99,1.892,1.352,3.16,1.574,2.45,1.8,2.09,2.02,1.862,2.39,1.625,2.7,1.485,2.98,1.386,2.24,1.704,2.69,1.49,2.99,1.383
2025-12-02 15:23:09,2.85,3.42,2.4,3.41,1.314,2.8,1.436,2.49,1.568,2.14,1.781,1.806,2.1,1.625,2.41,1.442,2.89,1.26,3.83,1.287,3.61,1.354,3.14,1.564,2.47,1.775,2.12,1.99,1.892,1.347,3.18,1.568,2.46,1.793,2.1,2.01,1.869,2.37,1.628,2.68,1.49,2.97,1.389,2.24,1.704,2.69,1.49,2.99,1.383
2025-12-02 15:23:19,2.84,3.43,2.41,3.41,1.314,2.78,1.44,2.47,1.574,2.12,1.787,1.8,2.11,1.621,2.42,1.438,2.9,1.257,3.86,1.287,3.61,1.354,3.14,1.564,2.47,1.775,2.12,1.99,1.892,1.346,3.19,1.568,2.47,1.793,2.1,2.01,1.869,2.37,1.632,2.68,1.492,2.96,1.39,2.24,1.704,2.69,1.49,2.99,1.383
2025-12-02 15:23:24,2.82,3.42,2.42,3.41,1.314,2.82,1.46,2.48,1.595,2.11,1.8,1.787,2.12,1.598,2.42,1.416,2.87,1.257,3.86,1.287,3.61,1.354,3.14,1.564,2.47,1.775,2.12,1.99,1.892,1.349,3.17,1.571,2.45,1.8,2.09,2.02,1.862,2.38,1.625,2.69,1.487,2.98,1.387,2.24,1.704,2.69,1.49,2.99,1.383
2025-12-02 15:23:39,2.83,3.42,2.42,3.43,1.311,2.83,1.458,2.49,1.591,2.12,1.793,1.793,2.12,1.602,2.41,1.42,2.86,1.257,3.86,1.287,3.61,1.354,3.14,1.564,2.47,1.775,2.12,1.99,1.892,1.358,3.12,1.584,2.42,1.819,2.07,2.04,1.84,2.42,1.609,2.73,1.476,3.02,1.378,2.24,1.704,2.69,1.49,2.99,1.383
2025-12-02 15:23:44,2.83,3.41,2.42,3.43,1.311,2.78,1.442,2.47,1.578,2.12,1.793,1.793,2.12,1.613,2.44,1.432,2.93,1.252,3.91,1.287,3.61,1.354,3.14,1.564,2.47,1.775,2.12,1.99,1.892,1.361,3.11,1.588,2.41,1.819,2.06,2.05,1.833,2.43,1.606,2.75,1.471,3.03,1.375,2.24,1.704,2.69,1.49,2.99,1.383
2025-12-02 15:23:49,2.86,3.41,2.4,3.43,1.311,2.8,1.434,2.49,1.568,2.14,1.781,1.806,2.1,1.625,2.42,1.44,2.9,1.257,3.87,1.287,3.61,1.354,3.14,1.564,2.47,1.775,2.12,1.99,1.892,1.363,3.09,1.591,2.4,1.826,2.06,2.05,1.833,2.44,1.602,2.75,1.469,3.04,1.374,2.24,1.704,2.69,1.49,2.99,1.383
2025-12-02 15:23:54,2.89,3.41,2.38,3.43,1.311,2.83,1.427,2.52,1.558,2.16,1.763,1.819,2.08,1.632,2.39,1.448,2.87,1.261,3.82,1.287,3.61,1.354,3.14,1.564,2.47,1.775,2.12,1.292,3.54,1.381,3.13,1.609,2.42,1.833,2.05,2.06,1.826,2.42,1.584,2.72,1.45,3.04,1.374,2.24,1.704,2.69,1.49,2.99,1.383
2025-12-02 15:24:14,2.9,3.41,2.37,3.43,1.311,2.84,1.425,2.53,1.552,2.17,1.757,1.826,2.08,1.636,2.39,1.448,2.86,1.262,3.82,1.287,3.61,1.354,3.14,1.564,2.47,1.775,2.12,1.294,3.52,1.384,3.11,1.613,2.41,1.833,2.05,2.07,1.819,2.43,1.581,2.73,1.446,3.04,1.374,2.24,1.704,2.69,1.49,2.99,1.383
2025-12-02 15:25:09,2.92,3.39,2.37,3.43,1.311,2.86,1.42,2.54,1.549,2.18,1.751,1.833,2.07,1.636,2.38,1.448,2.86,1.261,3.82,1.287,3.61,1.354,3.14,1.564,2.47,1.775,2.12,1.308,3.43,1.404,3.02,1.641,2.35,1.869,2.01,2.11,1.781,2.51,1.552,2.81,1.425,3.04,1.374,2.24,1.704,2.69,1.49,2.99,1.383
2025-12-02 15:25:24,2.93,3.39,2.36,3.43,1.311,2.88,1.416,2.56,1.543,2.19,1.746,1.84,2.06,1.641,2.38,1.45,2.86,1.259,3.84,1.287,3.61,1.354,3.14,1.564,2.47,1.775,2.12,1.322,3.33,1.427,2.92,1.671,2.29,1.917,1.97,2.17,1.746,2.59,1.52,2.89,1.406,3.04,1.374,2.24,1.704,2.69,1.49,2.99,1.383
2025-12-02 15:25:39,2.9,3.38,2.38,3.43,1.311,2.85,1.423,2.53,1.552,2.17,1.757,1.819,2.08,1.632,2.4,1.442,2.89,1.253,3.9,1.287,3.61,1.354,3.14,1.564,2.47,1.775,2.12,1.324,3.32,1.429,2.91,1.675,2.28,1.925,1.961,2.17,1.74,2.6,1.518,2.91,1.403,3.04,1.374,2.24,1.704,2.69,1.49,2.99,1.383
2025-12-02 15:26:04,2.92,3.37,2.38,3.43,1.311,2.86,1.436,2.52,1.555,2.17,1.757,1.826,2.1,1.617,2.39,1.431,2.88,1.242,3.92,1.287,3.61,1.354,3.14,1.564,2.47,1.775,2.12,1.333,3.27,1.44,2.86,1.694,2.25,1.943,1.943,2.2,1.724,2.64,1.502,2.95,1.392,3.04,1.374,2.24,1.704,2.69,1.49,2.99,1.383
2025-12-02 15:26:09,2.87,3.37,2.41,3.43,1.311,2.82,1.431,2.5,1.564,2.14,1.775,1.8,2.1,1.617,2.43,1.432,2.93,1.242,3.92,1.287,3.61,1.354,3.14,1.564,2.47,1.775,2.12,1.33,3.29,1.436,2.88,1.684,2.26,1.934,1.952,2.19,1.729,2.63,1.507,2.94,1.395,3.04,1.374,2.24,1.704,2.69,1.49,2.99,1.383
2025-12-02 15:26:14,2.82,3.37,2.45,3.43,1.311,2.82,1.46,2.48,1.598,2.09,1.813,1.775,2.14,1.588,2.44,1.404,2.93,1.242,3.92,1.287,3.61,1.354,3.14,1.564,2.47,1.775,2.12,1.326,3.3,1.432,2.89,1.68,2.27,1.934,1.952,2.18,1.735,2.62,1.512,2.93,1.398,3.04,1.374,2.24,1.704,2.69,1.49,2.99,1.383
2025-12-02 15:26:29,2.8,3.38,2.46,3.41,1.314,2.8,1.465,2.46,1.602,2.09,1.819,1.769,2.15,1.584,2.45,1.401,2.94,1.242,3.92,1.287,3.61,1.354,3.14,1.564,2.47,1.775,2.12,1.328,3.29,1.436,2.88,1.689,2.26,1.943,1.943,2.19,1.729,2.63,1.507,2.94,1.395,3.04,1.374,2.24,1.704,2.69,1.49,2.99,1.383
2025-12-02 15:26:59,2.81,3.37,2.45,3.43,1.311,2.81,1.462,2.47,1.598,2.09,1.813,1.775,2.14,1.584,2.45,1.403,2.93,1.242,3.92,1.287,3.61,1.354,3.14,1.564,2.47,1.775,2.12,1.335,3.25,1.446,2.84,1.699,2.24,1.952,1.934,2.22,1.714,2.67,1.495,2.98,1.386,3.04,1.374,2.24,1.704,2.69,1.49,2.99,1.383
2025-12-02 15:27:04,2.82,3.37,2.45,3.44,1.309,2.82,1.46,2.48,1.595,2.1,1.806,1.775,2.14,1.588,2.44,1.403,2.93,1.242,3.92,1.287,3.61,1.354,3.14,1.564,2.47,1.775,2.12,1.34,3.23,1.452,2.82,1.709,2.23,1.961,1.917,2.23,1.704,2.69,1.487,3,1.381,3.04,1.374,2.24,1.704,2.69,1.49,2.99,1.383
2025-12-02 15:27:19,1.793,3.68,4.24,3.44,1.309,3.15,1.358,2.85,1.454,2.49,1.591,2.05,1.854,1.8,2.1,1.571,2.48,1.341,3.24,1.287,3.61,1.354,3.14,1.564,2.47,1.775,2.12,1.34,3.23,1.452,2.82,1.709,2.23,1.961,1.917,1.352,3.16,1.467,2.77,1.719,2.21,1.97,1.909,2.24,1.704,2.69,1.49,2.99,1.383
2025-12-02 15:27:49,1.775,3.7,4.33,3.44,1.309,3.09,1.369,2.79,1.467,2.44,1.613,2.02,1.877,1.781,2.13,1.555,2.52,1.328,3.32,1.287,3.61,1.354,3.14,1.564,2.47,1.775,2.12,1.34,3.23,1.452,2.82,1.709,2.23,1.961,1.917,1.349,3.17,1.465,2.77,1.719,2.21,1.97,1.917,2.23,1.704,2.68,1.49,2.99,1.384
2025-12-02 15:28:09,1.781,3.67,4.33,3.44,1.309,3.12,1.363,2.82,1.46,2.46,1.602,2.03,1.869,1.787,2.12,1.558,2.51,1.33,3.31,1.287,3.61,1.354,3.14,1.564,2.47,1.775,2.12,1.34,3.23,1.452,2.82,1.709,2.23,1.961,1.917,1.364,3.09,1.465,2.77,1.719,2.21,1.97,1.869,2.29,1.671,2.68,1.467,3.07,1.369
2025-12-02 15:28:19,1.787,3.65,4.33,3.44,1.309,3.14,1.359,2.83,1.456,2.47,1.598,2.04,1.862,1.793,2.12,1.561,2.5,1.331,3.3,1.287,3.61,1.354,3.14,1.564,2.47,1.775,2.12,1.34,3.23,1.452,2.82,1.709,2.23,1.961,1.917,1.371,3.05,1.497,2.66,1.763,2.13,2.03,1.854,2.32,1.657,2.8,1.456,3.11,1.361
2025-12-02 15:28:29,1.8,3.62,4.31,3.44,1.309,3.17,1.354,2.86,1.45,2.5,1.588,2.05,1.847,1.806,2.1,1.568,2.49,1.334,3.28,1.287,3.61,1.354,3.14,1.564,2.47,1.775,2.12,1.34,3.23,1.452,2.82,1.709,2.23,1.961,1.917,1.38,3.01,1.51,2.62,1.781,2.11,2.04,1.84,2.34,1.645,2.84,1.446,3.15,1.352
2025-12-02 15:28:37,1.787,3.63,4.35,3.44,1.309,3.15,1.358,2.84,1.454,2.48,1.595,2.04,1.862,1.8,2.11,1.561,2.5,1.33,3.31,1.287,3.61,1.354,3.14,1.564,2.47,1.775,2.12,1.34,3.23,1.452,2.82,1.709,2.23,1.961,1.917,1.381,3.01,1.512,2.62,1.781,2.11,2.05,1.833,2.35,1.645,2.85,1.444,3.16,1.35
2025-12-02 15:28:42,1.813,3.57,4.3,3.44,1.309,3.21,1.346,2.9,1.438,2.54,1.571,2.07,1.826,1.819,2.08,1.581,2.46,1.34,3.25,1.287,3.61,1.354,3.14,1.564,2.47,1.775,2.12,1.34,3.23,1.452,2.82,1.709,2.23,1.325,3.31,1.423,2.94,1.564,2.53,1.847,2.04,2.12,1.775,2.42,1.584,2.95,1.393,3.16,1.35
2025-12-02 15:28:47,1.806,3.62,4.27,3.44,1.309,3.17,1.354,2.87,1.448,2.51,1.584,2.06,1.84,1.813,2.09,1.578,2.47,1.341,3.25,1.287,3.61,1.354,3.14,1.564,2.47,1.775,2.12,1.34,3.23,1.452,2.82,1.709,2.23,1.325,3.31,1.377,3.02,1.51,2.62,1.787,2.11,2.05,1.833,2.35,1.641,2.86,1.44,3.17,1.348
2025-12-02 15:28:52,1.8,3.63,4.31,3.44,1.309,3.15,1.358,2.84,1.454,2.49,1.591,2.05,1.854,1.806,2.1,1.568,2.49,1.335,3.28,1.287,3.61,1.354,3.14,1.564,2.47,1.775,2.12,1.34,3.23,1.452,2.82,1.709,2.23,1.325,3.31,1.377,3.03,1.507,2.63,1.781,2.11,2.05,1.833,2.35,1.641,2.86,1.442,3.17,1.349
2025-12-02 15:29:12,1.8,3.61,4.31,3.44,1.309,3.16,1.355,2.85,1.45,2.5,1.588,2.05,1.847,1.806,2.1,1.571,2.48,1.335,3.27,1.287,3.61,1.354,3.14,1.564,2.47,1.775,2.12,1.34,3.23,1.452,2.82,1.709,2.23,1.325,3.31,1.386,2.98,1.523,2.58,1.806,2.08,2.08,1.813,2.39,1.625,2.91,1.429,3.22,1.34
2025-12-02 15:29:22,1.793,3.62,4.35,3.44,1.309,3.14,1.359,2.83,1.456,2.48,1.595,2.04,1.854,1.8,2.11,1.564,2.5,1.33,3.31,1.287,3.61,1.354,3.14,1.564,2.47,1.775,2.12,1.34,3.23,1.452,2.82,1.709,2.23,1.313,3.39,1.404,3.02,1.54,2.6,1.813,2.08,2.08,1.806,2.38,1.606,2.88,1.408,3.22,1.34
2025-12-02 15:29:42,1.8,3.6,4.35,3.44,1.309,3.16,1.357,2.85,1.452,2.49,1.591,2.05,1.854,1.806,2.1,1.568,2.49,1.331,3.3,1.287,3.61,1.354,3.14,1.564,2.47,1.775,2.12,1.34,3.23,1.452,2.82,1.709,2.23,1.318,3.36,1.411,2.98,1.549,2.57,1.826,2.06,2.1,1.793,2.4,1.595,2.92,1.4,3.22,1.34
2025-12-02 15:29:52,1.781,3.67,4.35,3.44,1.309,3.09,1.37,2.79,1.469,2.44,1.613,2.02,1.877,1.787,2.13,1.558,2.52,1.327,3.32,1.287,3.61,1.354,3.14,1.564,2.47,1.775,2.12,1.34,3.23,1.452,2.82,1.709,2.23,1.318,3.36,1.357,3.13,1.478,2.72,1.746,2.16,2.01,1.869,2.3,1.671,2.79,1.46,3.1,1.362
2025-12-02 15:29:57,1.787,3.63,4.34,3.44,1.309,3.12,1.363,2.82,1.46,2.47,1.602,2.04,1.862,1.793,2.11,1.564,2.5,1.331,3.31,1.287,3.61,1.354,3.14,1.564,2.47,1.775,2.12,1.34,3.23,1.452,2.82,1.709,2.23,1.318,3.36,1.369,3.07,1.497,2.66,1.775,2.12,2.04,1.84,2.34,1.645,2.86,1.442,3.17,1.349
2025-12-02 15:30:11,1.806,3.6,4.3,3.44,1.309,3.17,1.354,2.86,1.448,2.51,1.584,2.06,1.84,1.813,2.09,1.574,2.47,1.338,3.26,1.287,3.61,1.354,3.14,1.564,2.47,1.775,2.12,1.34,3.23,1.452,2.82,1.709,2.23,1.318,3.36,1.381,3,1.518,2.6,1.806,2.08,2.08,1.813,2.39,1.621,2.93,1.425,3.24,1.336
2025-12-02 15:30:21,1.813,3.62,4.24,3.44,1.309,3.16,1.357,2.86,1.45,2.51,1.584,2.06,1.84,1.819,2.09,1.581,2.46,1.344,3.22,1.287,3.61,1.354,3.14,1.564,2.47,1.775,2.12,1.34,3.23,1.452,2.82,1.709,2.23,1.318,3.36,1.361,3.11,1.485,2.7,1.757,2.14,2.08,1.854,2.32,1.653,2.83,1.448,3.15,1.353
2025-12-02 15:30:31,1.813,3.61,4.24,3.44,1.309,3.17,1.353,2.87,1.446,2.52,1.581,2.07,1.833,1.826,2.08,1.584,2.45,1.346,3.22,1.287,3.61,1.354,3.14,1.564,2.47,1.775,2.12,1.34,3.23,1.452,2.82,1.709,2.23,1.318,3.36,1.367,3.07,1.497,2.66,1.775,2.12,2.05,1.84,2.35,1.641,2.87,1.438,3.19,1.346
2025-12-02 15:30:41,1.819,3.6,4.24,3.44,1.309,3.18,1.352,2.88,1.444,2.53,1.578,2.08,1.826,1.826,2.08,1.584,2.45,1.347,3.21,1.287,3.61,1.354,3.14,1.564,2.47,1.775,2.12,1.34,3.23,1.452,2.82,1.709,2.23,1.318,3.36,1.373,3.05,1.505,2.64,1.787,2.11,2.06,1.826,2.37,1.632,2.9,1.432,3.22,1.341
2025-12-02 15:31:06,1.757,3.68,4.44,3.44,1.309,3.07,1.374,2.76,1.476,2.41,1.625,2,1.9,1.769,2.16,1.54,2.56,1.315,3.41,1.287,3.61,1.354,3.14,1.564,2.47,1.775,2.12,1.34,3.23,1.452,2.82,1.709,2.23,1.318,3.36,1.371,3.05,1.502,2.65,1.781,2.12,2.05,1.833,2.36,1.636,2.89,1.434,3.21,1.342
2025-12-02 15:31:26,1.763,3.67,4.44,3.44,1.309,3.08,1.37,2.78,1.471,2.42,1.621,2.01,1.892,1.769,2.15,1.543,2.56,1.315,3.4,1.287,3.61,1.354,3.14,1.564,2.47,1.775,2.12,1.34,3.23,1.452,2.82,1.709,2.23,1.318,3.36,1.378,3.02,1.512,2.61,1.793,2.1,2.07,1.819,2.38,1.625,2.93,1.423,3.26,1.334
2025-12-02 15:31:56,1.751,3.67,4.5,3.44,1.309,3.06,1.375,2.75,1.478,2.4,1.628,1.99,1.909,1.757,2.17,1.534,2.58,1.308,3.45,1.287,3.61,1.354,3.14,1.564,2.47,1.775,2.12,1.34,3.23,1.452,2.82,1.709,2.23,1.318,3.36,1.381,3.01,1.518,2.6,1.8,2.09,2.07,1.813,2.39,1.621,2.95,1.42,3.28,1.331
2025-12-02 15:32:06,1.813,3.56,4.32,3.44,1.309,3.21,1.347,2.9,1.44,2.53,1.574,2.07,1.833,1.819,2.08,1.578,2.47,1.336,3.27,1.287,3.61,1.354,3.14,1.564,2.47,1.775,2.12,1.34,3.23,1.452,2.82,1.709,2.23,1.314,3.39,1.406,3.01,1.543,2.58,1.819,2.07,2.09,1.793,2.4,1.591,2.95,1.392,3.28,1.331
2025-12-02 15:32:26,1.793,3.58,4.39,3.44,1.309,3.16,1.355,2.85,1.45,2.49,1.588,2.05,1.854,1.8,2.11,1.564,2.5,1.326,3.33,1.287,3.61,1.354,3.14,1.564,2.47,1.775,2.12,1.34,3.23,1.452,2.82,1.709,2.23,1.314,3.38,1.408,3,1.546,2.58,1.819,2.06,2.1,1.793,2.41,1.591,2.96,1.392,3.28,1.331
2025-12-02 15:32:51,1.8,3.56,4.4,3.44,1.309,3.18,1.353,2.87,1.448,2.5,1.584,2.05,1.847,1.806,2.1,1.564,2.5,1.325,3.33,1.287,3.61,1.354,3.14,1.564,2.47,1.775,2.12,1.34,3.23,1.452,2.82,1.709,2.23,1.322,3.33,1.418,2.95,1.561,2.53,1.847,2.04,2.12,1.775,2.44,1.574,3.02,1.378,3.28,1.331
2025-12-02 15:33:06,1.813,3.54,4.35,3.44,1.309,3.22,1.344,2.91,1.438,2.54,1.571,2.07,1.833,1.819,2.09,1.574,2.47,1.334,3.29,1.287,3.61,1.354,3.14,1.564,2.47,1.775,2.12,1.34,3.23,1.452,2.82,1.709,2.23,1.326,3.3,1.425,2.93,1.571,2.51,1.854,2.02,2.14,1.763,2.46,1.568,3.05,1.371,3.28,1.331
2025-12-02 15:33:21,1.813,3.53,4.35,3.44,1.309,3.23,1.343,2.92,1.434,2.55,1.568,2.08,1.826,1.819,2.08,1.578,2.47,1.334,3.28,1.287,3.61,1.354,3.14,1.564,2.47,1.775,2.12,1.34,3.23,1.452,2.82,1.709,2.23,1.33,3.29,1.429,2.91,1.578,2.5,1.869,2.02,2.15,1.757,2.48,1.561,3.07,1.367,3.28,1.331
2025-12-02 15:33:31,1.813,3.54,4.36,3.44,1.309,3.23,1.343,2.91,1.436,2.54,1.571,2.07,1.826,1.819,2.08,1.574,2.47,1.333,3.29,1.287,3.61,1.354,3.14,1.564,2.47,1.775,2.12,1.34,3.23,1.452,2.82,1.709,2.23,1.332,3.27,1.432,2.9,1.581,2.48,1.877,2.01,2.15,1.751,2.49,1.558,3.09,1.363,3.28,1.331
2025-12-02 15:34:01,1.819,3.51,4.36,3.44,1.309,3.23,1.343,2.88,1.416,2.53,1.552,2.08,1.819,1.826,2.08,1.591,2.49,1.347,3.36,1.264,3.8,1.354,3.14,1.564,2.47,1.775,2.12,1.34,3.23,1.452,2.82,1.709,2.23,1.34,3.22,1.444,2.85,1.602,2.44,1.9,1.98,2.18,1.735,2.53,1.543,3.15,1.352,3.28,1.331
2025-12-02 15:34:31,1.826,3.49,4.36,3.44,1.309,3.23,1.343,2.9,1.409,2.55,1.543,2.09,1.813,1.833,2.07,1.595,2.48,1.348,3.35,1.264,3.8,1.354,3.14,1.564,2.47,1.775,2.12,1.34,3.23,1.452,2.82,1.709,2.23,1.35,3.16,1.458,2.79,1.625,2.39,1.934,1.952,2.22,1.714,2.58,1.523,3.24,1.337,3.28,1.331
2025-12-02 15:35:06,1.806,3.51,4.44,3.44,1.309,3.24,1.342,2.92,1.434,2.54,1.571,2.07,1.833,1.813,2.09,1.568,2.49,1.324,3.34,1.264,3.8,1.354,3.14,1.564,2.47,1.775,2.12,1.34,3.23,1.452,2.82,1.709,2.23,1.352,3.16,1.46,2.79,1.625,2.38,1.934,1.952,2.22,1.709,2.59,1.523,3.25,1.336,3.28,1.331
2025-12-02 15:35:26,1.813,3.49,4.44,3.44,1.309,3.26,1.338,2.93,1.431,2.56,1.564,2.07,1.826,1.819,2.09,1.571,2.48,1.324,3.34,1.264,3.8,1.354,3.14,1.564,2.47,1.775,2.12,1.34,3.23,1.452,2.82,1.709,2.23,1.359,3.11,1.471,2.75,1.645,2.35,1.961,1.925,2.25,1.694,2.62,1.51,3.31,1.325,3.28,1.331
2025-12-02 15:35:51,1.813,3.47,4.44,3.44,1.309,3.26,1.338,2.89,1.413,2.54,1.546,2.08,1.819,1.826,2.08,1.584,2.5,1.338,3.41,1.257,3.87,1.354,3.14,1.564,2.47,1.775,2.12,1.34,3.23,1.452,2.82,1.709,2.23,1.367,3.08,1.483,2.71,1.662,2.31,1.98,1.909,2.28,1.68,2.66,1.497,3.37,1.317,3.28,1.331
2025-12-02 15:36:16,1.806,3.47,4.49,3.44,1.309,3.26,1.337,2.94,1.431,2.56,1.564,2.07,1.833,1.813,2.09,1.568,2.49,1.32,3.37,1.257,3.87,1.354,3.14,1.564,2.47,1.775,2.12,1.34,3.23,1.452,2.82,1.709,2.23,1.371,3.05,1.487,2.69,1.671,2.29,1.99,1.892,2.29,1.671,2.68,1.49,3.4,1.311,3.28,1.331
2025-12-02 15:36:47,1.813,3.46,4.49,3.44,1.309,3.28,1.335,2.95,1.427,2.57,1.561,2.08,1.826,1.819,2.09,1.568,2.49,1.321,3.37,1.257,3.87,1.354,3.14,1.564,2.47,1.775,2.12,1.34,3.23,1.452,2.82,1.709,2.23,1.377,3.02,1.497,2.66,1.684,2.27,2.01,1.877,2.31,1.662,2.71,1.48,3.46,1.303,3.28,1.331
2025-12-02 15:37:12,1.8,3.47,4.54,3.44,1.309,3.25,1.34,2.92,1.434,2.54,1.571,2.06,1.84,1.806,2.1,1.561,2.51,1.314,3.41,1.257,3.87,1.354,3.14,1.564,2.47,1.775,2.12,1.34,3.23,1.452,2.82,1.709,2.23,1.375,3.03,1.495,2.67,1.68,2.27,2,1.884,2.31,1.662,2.71,1.483,3.45,1.305,3.28,1.331
2025-12-02 15:37:47,1.8,3.46,4.54,3.44,1.309,3.26,1.338,2.93,1.432,2.55,1.568,2.07,1.833,1.806,2.1,1.561,2.51,1.314,3.41,1.257,3.87,1.354,3.14,1.564,2.47,1.775,2.12,1.34,3.23,1.452,2.82,1.709,2.23,1.38,3.01,1.5,2.65,1.689,2.26,2.01,1.869,2.32,1.657,2.73,1.478,3.48,1.301,3.28,1.331
2025-12-02 15:38:17,1.806,3.44,4.54,3.44,1.309,3.28,1.334,2.95,1.425,2.57,1.561,2.08,1.826,1.813,2.09,1.564,2.5,1.316,3.4,1.257,3.87,1.354,3.14,1.564,2.47,1.775,2.12,1.34,3.23,1.452,2.82,1.709,2.23,1.389,2.97,1.515,2.61,1.709,2.22,2.04,1.847,2.35,1.641,2.77,1.465,3.55,1.29,3.28,1.331
2025-12-02 15:38:42,1.813,3.42,4.53,3.44,1.309,3.28,1.334,2.92,1.406,2.56,1.54,2.09,1.819,1.826,2.08,1.581,2.51,1.33,3.47,1.257,3.87,1.354,3.14,1.564,2.47,1.775,2.12,1.34,3.23,1.452,2.82,1.709,2.23,1.401,2.91,1.531,2.56,1.735,2.18,2.07,1.819,2.39,1.621,2.83,1.45,3.65,1.279,3.28,1.331
2025-12-02 15:38:57,1.819,3.41,4.53,3.44,1.309,3.28,1.334,2.93,1.403,2.57,1.537,2.09,1.813,1.826,2.08,1.584,2.51,1.331,3.47,1.257,3.87,1.354,3.14,1.564,2.47,1.775,2.12,1.34,3.23,1.452,2.82,1.709,2.23,1.404,2.9,1.537,2.55,1.746,2.16,2.08,1.806,2.41,1.617,2.85,1.444,3.68,1.275,3.28,1.331
2025-12-02 15:39:32,1.806,3.41,4.59,3.44,1.309,3.31,1.33,2.98,1.421,2.58,1.555,2.08,1.826,1.819,2.09,1.564,2.5,1.311,3.43,1.257,3.87,1.354,3.14,1.564,2.47,1.775,2.12,1.34,3.23,1.452,2.82,1.709,2.23,1.411,2.87,1.546,2.52,1.763,2.14,2.1,1.793,2.43,1.606,2.88,1.436,3.74,1.268,3.28,1.331
2025-12-02 15:39:42,1.793,3.43,4.64,3.44,1.309,3.28,1.334,2.95,1.427,2.56,1.564,2.06,1.84,1.8,2.1,1.552,2.53,1.305,3.47,1.257,3.87,1.354,3.14,1.564,2.47,1.775,2.12,1.34,3.23,1.452,2.82,1.709,2.23,1.409,2.87,1.543,2.52,1.757,2.14,2.09,1.793,2.42,1.606,2.87,1.438,3.73,1.269,3.28,1.331
2025-12-02 15:39:47,1.769,3.47,4.72,3.44,1.309,3.23,1.343,2.9,1.44,2.51,1.584,2.03,1.869,1.775,2.14,1.534,2.58,1.294,3.55,1.257,3.87,1.354,3.14,1.564,2.47,1.775,2.12,1.34,3.23,1.452,2.82,1.709,2.23,1.408,2.88,1.54,2.53,1.751,2.15,2.08,1.806,2.41,1.613,2.86,1.442,3.71,1.272,3.28,1.331
2025-12-02 15:40:02,1.757,3.49,4.78,3.44,1.309,3.2,1.349,2.86,1.448,2.47,1.598,2.02,1.884,1.763,2.16,1.526,2.6,1.287,3.61,1.257,3.87,1.354,3.14,1.564,2.47,1.775,2.12,1.34,3.23,1.452,2.82,1.709,2.23,1.408,2.89,1.54,2.54,1.751,2.16,2.08,1.806,2.41,1.613,2.86,1.442,3.7,1.273,3.28,1.331
2025-12-02 15:40:22,1.763,3.47,4.78,3.44,1.309,3.21,1.346,2.88,1.444,2.49,1.591,2.02,1.877,1.769,2.15,1.529,2.6,1.288,3.6,1.257,3.87,1.354,3.14,1.564,2.47,1.775,2.12,1.34,3.23,1.452,2.82,1.709,2.23,1.414,2.86,1.549,2.51,1.769,2.13,2.1,1.787,2.44,1.602,2.89,1.432,3.76,1.265,3.28,1.331
2025-12-02 15:40:52,1.769,3.45,4.79,3.44,1.309,3.24,1.342,2.9,1.44,2.5,1.588,2.03,1.869,1.775,2.15,1.529,2.59,1.288,3.6,1.257,3.87,1.354,3.14,1.564,2.47,1.775,2.12,1.34,3.23,1.452,2.82,1.266,3.76,1.442,2.86,1.578,2.49,1.793,2.1,2.13,1.769,2.45,1.574,2.9,1.404,3.76,1.265,3.28,1.331
2025-12-02 15:41:22,1.775,3.43,4.75,3.44,1.309,3.27,1.335,2.93,1.431,2.53,1.574,2.04,1.854,1.781,2.13,1.537,2.57,1.293,3.56,1.257,3.87,1.354,3.14,1.564,2.47,1.775,2.12,1.34,3.23,1.452,2.82,1.271,3.72,1.45,2.83,1.588,2.47,1.813,2.08,2.15,1.751,2.47,1.564,2.94,1.396,3.76,1.265,3.28,1.331
2025-12-02 15:42:07,1.787,3.4,4.75,3.44,1.309,3.31,1.328,2.97,1.423,2.56,1.564,2.06,1.847,1.793,2.12,1.543,2.56,1.294,3.55,1.257,3.87,1.354,3.14,1.564,2.47,1.775,2.12,1.34,3.23,1.452,2.82,1.281,3.63,1.465,2.77,1.613,2.41,1.854,2.03,2.2,1.724,2.53,1.543,3.01,1.38,3.76,1.265,3.28,1.331
2025-12-02 15:42:22,1.787,3.42,4.8,3.44,1.309,3.27,1.336,2.93,1.432,2.53,1.578,2.04,1.862,1.793,2.14,1.534,2.58,1.288,3.6,1.257,3.87,1.354,3.14,1.564,2.47,1.775,2.12,1.34,3.23,1.452,2.82,1.278,3.66,1.46,2.79,1.602,2.43,1.84,2.05,2.18,1.735,2.51,1.549,2.99,1.384,3.76,1.265,3.28,1.331
2025-12-02 15:42:32,1.813,3.35,4.67,3.44,1.309,3.27,1.336,2.97,1.395,2.59,1.529,2.09,1.813,1.819,2.08,1.574,2.53,1.318,3.56,1.257,3.87,1.354,3.14,1.564,2.47,1.775,2.12,1.34,3.23,1.452,2.82,1.284,3.61,1.467,2.76,1.613,2.41,1.854,2.03,2.21,1.719,2.53,1.54,3.02,1.377,3.76,1.265,3.28,1.331
2025-12-02 15:42:57,1.757,3.43,4.88,3.44,1.309,3.23,1.342,2.89,1.44,2.49,1.591,2.02,1.877,1.763,2.16,1.52,2.62,1.28,3.67,1.257,3.87,1.354,3.14,1.564,2.47,1.775,2.12,1.34,3.23,1.452,2.82,1.278,3.65,1.46,2.79,1.606,2.43,1.84,2.04,2.19,1.729,2.51,1.549,2.99,1.383,3.76,1.265,3.28,1.331
2025-12-02 15:43:02,1.724,3.5,5.01,3.44,1.309,3.24,1.346,2.86,1.436,2.44,1.591,2.01,1.9,1.757,2.17,1.515,2.63,1.276,3.66,1.257,3.87,1.354,3.14,1.564,2.47,1.775,2.12,1.34,3.23,1.452,2.82,1.273,3.7,1.454,2.81,1.595,2.45,1.819,2.06,2.17,1.746,2.49,1.558,2.96,1.39,3.76,1.265,3.28,1.331
2025-12-02 15:43:07,1.746,3.46,4.93,3.44,1.309,3.21,1.347,2.87,1.448,2.47,1.602,2,1.9,1.751,2.18,1.512,2.65,1.273,3.72,1.257,3.87,1.354,3.14,1.564,2.47,1.775,2.12,1.34,3.23,1.452,2.82,1.277,3.66,1.458,2.79,1.602,2.43,1.833,2.05,2.18,1.735,2.5,1.552,2.98,1.386,3.76,1.265,3.28,1.331
2025-12-02 15:43:12,1.775,3.4,4.81,3.44,1.309,3.3,1.331,2.95,1.427,2.55,1.568,2.05,1.854,1.787,2.13,1.534,2.58,1.288,3.6,1.257,3.87,1.354,3.14,1.564,2.47,1.775,2.12,1.34,3.23,1.452,2.82,1.282,3.62,1.465,2.77,1.613,2.41,1.847,2.03,2.2,1.724,2.53,1.543,3.01,1.38,3.76,1.265,3.28,1.331
2025-12-02 15:43:22,1.787,3.38,4.81,3.44,1.309,3.33,1.326,2.98,1.42,2.57,1.561,2.06,1.847,1.793,2.12,1.54,2.56,1.289,3.59,1.257,3.87,1.354,3.14,1.564,2.47,1.775,2.12,1.34,3.23,1.452,2.82,1.29,3.56,1.478,2.72,1.628,2.37,1.884,2,2.23,1.704,2.57,1.529,3.07,1.367,3.76,1.265,3.28,1.331
2025-12-02 15:43:32,1.781,3.37,4.84,3.44,1.309,3.33,1.326,2.98,1.42,2.57,1.561,2.05,1.847,1.787,2.12,1.537,2.57,1.287,3.61,1.257,3.87,1.354,3.14,1.564,2.47,1.775,2.12,1.34,3.23,1.452,2.82,1.293,3.53,1.483,2.71,1.636,2.36,1.892,1.99,2.25,1.694,2.58,1.523,3.09,1.363,3.76,1.265,3.28,1.331
2025-12-02 15:44:02,1.775,3.37,4.84,3.44,1.309,3.31,1.328,2.96,1.423,2.55,1.568,2.05,1.854,1.781,2.12,1.529,2.59,1.287,3.61,1.257,3.87,1.354,3.14,1.564,2.47,1.775,2.12,1.34,3.23,1.452,2.82,1.299,3.49,1.49,2.68,1.649,2.34,1.917,1.97,2.27,1.68,2.61,1.512,3.14,1.355,3.76,1.265,3.28,1.331
2025-12-02 15:44:22,1.787,3.36,4.84,3.44,1.309,3.35,1.322,3,1.416,2.58,1.555,2.06,1.84,1.793,2.12,1.54,2.57,1.287,3.6,1.257,3.87,1.354,3.14,1.564,2.47,1.775,2.12,1.34,3.23,1.452,2.82,1.302,3.47,1.495,2.67,1.653,2.33,1.925,1.961,2.28,1.675,2.62,1.51,3.15,1.352,3.76,1.265,3.28,1.331
2025-12-02 15:44:37,1.787,3.35,4.84,3.44,1.309,3.37,1.32,3.01,1.413,2.6,1.552,2.07,1.833,1.793,2.11,1.543,2.56,1.288,3.6,1.257,3.87,1.354,3.14,1.564,2.47,1.775,2.12,1.34,3.23,1.452,2.82,1.305,3.45,1.5,2.65,1.662,2.31,1.943,1.943,2.3,1.666,2.64,1.502,3.18,1.347,3.76,1.265,3.28,1.331
2025-12-02 15:44:47,1.781,3.36,4.86,3.44,1.309,3.39,1.318,3,1.4,2.58,1.534,2.08,1.84,1.8,2.11,1.546,2.55,1.289,3.57,1.257,3.87,1.354,3.14,1.564,2.47,1.775,2.12,1.34,3.23,1.452,2.82,1.304,3.45,1.5,2.66,1.662,2.31,1.934,1.952,2.3,1.671,2.64,1.505,3.18,1.348,3.76,1.265,3.28,1.331
2025-12-02 15:45:02,1.819,3.29,4.76,3.44,1.309,3.39,1.318,3.03,1.38,2.64,1.512,2.11,1.8,1.826,2.08,1.574,2.54,1.311,3.61,1.257,3.87,1.354,3.14,1.564,2.47,1.775,2.12,1.34,3.23,1.452,2.82,1.316,3.37,1.515,2.6,1.684,2.27,1.98,1.909,2.35,1.645,2.69,1.487,3.26,1.334,3.76,1.265,3.28,1.331
2025-12-02 15:45:27,1.826,3.27,4.77,3.44,1.309,3.39,1.318,3.06,1.375,2.66,1.507,2.12,1.793,1.833,2.07,1.578,2.53,1.312,3.6,1.257,3.87,1.354,3.14,1.564,2.47,1.775,2.12,1.34,3.23,1.452,2.82,1.323,3.32,1.526,2.57,1.699,2.24,2,1.884,2.38,1.628,2.73,1.476,3.31,1.325,3.76,1.265,3.28,1.331
2025-12-02 15:46:02,1.833,3.23,4.77,3.44,1.309,3.39,1.318,3.09,1.369,2.69,1.497,2.13,1.781,1.847,2.06,1.584,2.51,1.313,3.59,1.257,3.87,1.354,3.14,1.564,2.47,1.775,2.12,1.34,3.23,1.452,2.82,1.335,3.25,1.543,2.53,1.724,2.2,2.04,1.847,2.43,1.606,2.79,1.46,3.39,1.313,3.76,1.265,3.28,1.331
2025-12-02 15:46:17,1.84,3.22,4.77,3.44,1.309,3.39,1.318,3.11,1.366,2.71,1.492,2.14,1.775,1.847,2.05,1.584,2.5,1.314,3.58,1.257,3.87,1.354,3.14,1.564,2.47,1.775,2.12,1.34,3.23,1.452,2.82,1.34,3.22,1.549,2.51,1.735,2.18,2.05,1.833,2.45,1.598,2.81,1.454,3.42,1.308,3.76,1.265,3.28,1.331
2025-12-02 15:46:37,1.826,3.23,4.82,3.44,1.309,3.39,1.318,3.09,1.37,2.68,1.5,2.13,1.787,1.84,2.06,1.578,2.53,1.308,3.63,1.257,3.87,1.354,3.14,1.564,2.47,1.775,2.12,1.34,3.23,1.452,2.82,1.342,3.21,1.555,2.5,1.74,2.17,2.07,1.819,2.46,1.591,2.83,1.45,3.45,1.305,3.76,1.265,3.28,1.331
2025-12-02 15:46:42,1.819,3.25,4.83,3.44,1.309,3.39,1.318,3.05,1.378,2.65,1.51,2.11,1.8,1.826,2.07,1.571,2.54,1.306,3.64,1.257,3.87,1.354,3.14,1.564,2.47,1.775,2.12,1.34,3.23,1.452,2.82,1.328,3.29,1.534,2.55,1.709,2.22,2.02,1.862,2.4,1.617,2.76,1.467,3.35,1.319,3.76,1.265,3.28,1.331
2025-12-02 15:46:57,1.826,3.23,4.82,3.44,1.309,3.39,1.318,3.08,1.371,2.68,1.502,2.12,1.787,1.84,2.07,1.578,2.53,1.307,3.63,1.257,3.87,1.354,3.14,1.564,2.47,1.775,2.12,1.34,3.23,1.452,2.82,1.338,3.23,1.546,2.52,1.729,2.19,2.05,1.833,2.44,1.598,2.8,1.456,3.42,1.309,3.76,1.265,3.28,1.331
2025-12-02 15:47:22,1.833,3.22,4.82,3.44,1.309,3.39,1.318,3.09,1.369,2.69,1.497,2.13,1.781,1.84,2.06,1.578,2.52,1.308,3.63,1.257,3.87,1.354,3.14,1.564,2.47,1.775,2.12,1.34,3.23,1.452,2.82,1.344,3.2,1.555,2.49,1.746,2.17,2.07,1.819,2.47,1.588,2.84,1.448,3.46,1.303,3.76,1.265,3.28,1.331
2025-12-02 15:47:32,1.826,3.22,4.87,3.44,1.309,3.39,1.318,3.07,1.373,2.67,1.505,2.12,1.793,1.833,2.07,1.571,2.54,1.303,3.67,1.257,3.87,1.354,3.14,1.564,2.47,1.775,2.12,1.34,3.23,1.452,2.82,1.346,3.19,1.558,2.49,1.746,2.16,2.07,1.813,2.47,1.588,2.84,1.446,3.47,1.302,3.76,1.265,3.28,1.331
2025-12-02 15:47:57,1.826,3.21,4.87,3.44,1.309,3.39,1.318,3.09,1.369,2.69,1.5,2.13,1.787,1.84,2.07,1.574,2.53,1.304,3.66,1.257,3.87,1.354,3.14,1.564,2.47,1.775,2.12,1.34,3.23,1.452,2.82,1.352,3.16,1.564,2.47,1.757,2.14,2.09,1.793,2.5,1.578,2.87,1.438,3.51,1.296,3.76,1.265,3.28,1.331
2025-12-02 15:48:12,1.833,3.2,4.87,3.44,1.309,3.39,1.318,3.1,1.366,2.7,1.495,2.13,1.781,1.84,2.06,1.578,2.53,1.304,3.65,1.257,3.87,1.354,3.14,1.564,2.47,1.775,2.12,1.34,3.23,1.452,2.82,1.355,3.13,1.571,2.45,1.769,2.13,2.11,1.781,2.52,1.568,2.89,1.432,3.55,1.292,3.76,1.265,3.28,1.331
2025-12-02 15:48:37,1.84,3.18,4.84,3.44,1.309,3.39,1.318,3.14,1.359,2.73,1.485,2.15,1.769,1.854,2.05,1.584,2.51,1.309,3.62,1.257,3.87,1.354,3.14,1.564,2.47,1.775,2.12,1.34,3.23,1.452,2.82,1.378,3.14,1.571,2.45,1.787,2.13,2.14,1.763,2.53,1.543,2.89,1.408,3.55,1.292,3.76,1.265,3.28,1.331
2025-12-02 15:49:08,1.854,3.16,4.8,3.44,1.309,3.39,1.318,3.18,1.352,2.77,1.473,2.17,1.757,1.869,2.03,1.595,2.48,1.314,3.58,1.257,3.87,1.354,3.14,1.564,2.47,1.775,2.12,1.34,3.23,1.452,2.82,1.387,3.1,1.609,2.42,1.8,2.09,2.17,1.746,2.56,1.531,2.92,1.4,3.55,1.292,3.76,1.265,3.28,1.331
2025-12-02 15:49:38,1.869,3.13,4.76,3.44,1.309,3.39,1.318,3.23,1.342,2.82,1.46,2.2,1.74,1.884,2.01,1.606,2.45,1.321,3.53,1.257,3.87,1.354,3.14,1.564,2.47,1.775,2.12,1.34,3.23,1.452,2.82,1.395,3.06,1.621,2.4,1.819,2.06,2.2,1.724,2.6,1.518,2.96,1.39,3.55,1.292,3.76,1.265,3.28,1.331
2025-12-02 15:50:08,1.877,3.12,4.76,3.44,1.309,3.39,1.318,3.26,1.338,2.84,1.456,2.21,1.735,1.892,2.01,1.609,2.45,1.322,3.52,1.257,3.87,1.354,3.14,1.564,2.47,1.775,2.12,1.34,3.23,1.452,2.82,1.403,3.03,1.628,2.38,1.833,2.05,2.22,1.709,2.62,1.51,3,1.383,3.55,1.292,3.76,1.265,3.28,1.331
2025-12-02 15:50:38,1.884,3.11,4.76,3.44,1.309,3.39,1.318,3.27,1.335,2.85,1.452,2.21,1.729,1.892,2,1.613,2.44,1.323,3.52,1.257,3.87,1.354,3.14,1.564,2.47,1.775,2.12,1.34,3.23,1.452,2.82,1.409,3,1.641,2.35,1.854,2.03,2.25,1.694,2.66,1.5,3.03,1.375,3.55,1.292,3.76,1.265,3.28,1.331
2025-12-02 15:51:08,1.884,3.09,4.76,3.44,1.309,3.39,1.318,3.29,1.333,2.87,1.448,2.22,1.724,1.9,2,1.613,2.44,1.324,3.51,1.257,3.87,1.354,3.14,1.564,2.47,1.775,2.12,1.34,3.23,1.452,2.82,1.416,2.97,1.649,2.34,1.869,2.02,2.27,1.684,2.68,1.49,3.06,1.37,3.55,1.292,3.76,1.265,3.28,1.331
2025-12-02 15:51:33,1.869,3.1,4.86,3.44,1.309,3.39,1.318,3.24,1.341,2.82,1.46,2.19,1.74,1.877,2.02,1.598,2.47,1.312,3.6,1.257,3.87,1.354,3.14,1.564,2.47,1.775,2.12,1.34,3.23,1.452,2.82,1.42,2.95,1.653,2.33,1.877,2.01,2.28,1.675,2.7,1.485,3.08,1.366,3.55,1.292,3.76,1.265,3.28,1.331
2025-12-02 15:55:58,1.854,3.12,4.89,3.44,1.309,3.39,1.318,3.21,1.347,2.79,1.469,2.17,1.757,1.869,2.03,1.591,2.49,1.308,3.63,1.257,3.87,1.354,3.14,1.564,2.47,1.775,2.12,1.34,3.23,1.452,2.82,1.411,2.98,1.645,2.35,1.854,2.03,2.26,1.689,2.66,1.497,3.04,1.374,3.55,1.292,3.76,1.265,3.28,1.331
2025-12-02 15:56:03,1.909,3.05,4.74,3.44,1.309,3.39,1.318,3.35,1.322,2.93,1.432,2.25,1.709,1.925,1.98,1.628,2.4,1.33,3.47,1.257,3.87,1.354,3.14,1.564,2.47,1.775,2.12,1.34,3.23,1.452,2.82,1.421,2.94,1.657,2.32,1.877,2,2.29,1.675,2.7,1.485,3.08,1.366,3.55,1.292,3.76,1.265,3.28,1.331
2025-12-02 15:56:18,1.9,3.06,4.76,3.44,1.309,3.39,1.318,3.33,1.325,2.91,1.438,2.24,1.714,1.917,1.99,1.621,2.42,1.325,3.5,1.257,3.87,1.354,3.14,1.564,2.47,1.775,2.12,1.34,3.23,1.452,2.82,1.42,2.95,1.653,2.32,1.877,2.01,2.28,1.675,2.7,1.487,3.07,1.367,3.55,1.292,3.76,1.265,3.28,1.331
2025-12-02 16:00:08,1.854,3.12,4.88,3.44,1.309,3.39,1.318,3.24,1.341,2.81,1.462,2.18,1.751,1.869,2.03,1.591,2.49,1.308,3.63,1.257,3.87,1.354,3.14,1.564,2.47,1.775,2.12,1.34,3.23,1.452,2.82,1.414,2.97,1.649,2.34,1.862,2.02,2.26,1.684,2.67,1.495,3.05,1.373,3.55,1.292,3.76,1.265,3.28,1.331
2025-12-02 16:00:59,1.869,3.1,4.84,3.44,1.309,3.39,1.318,3.29,1.333,2.85,1.45,2.2,1.735,1.884,2.01,1.602,2.46,1.315,3.58,1.257,3.87,1.354,3.14,1.564,2.47,1.775,2.12,1.34,3.23,1.452,2.82,1.418,2.96,1.653,2.33,1.869,2.01,2.27,1.68,2.68,1.49,3.06,1.37,3.55,1.292,3.76,1.265,3.28,1.331
2025-12-02 16:10:28,1.884,3.08,4.83,3.44,1.309,3.39,1.318,3.32,1.328,2.88,1.444,2.22,1.724,1.892,2,1.609,2.45,1.317,3.56,1.257,3.87,1.354,3.14,1.564,2.47,1.775,2.12,1.34,3.23,1.452,2.82,1.423,2.93,1.662,2.31,1.884,2,2.3,1.671,2.71,1.483,3.09,1.364,3.55,1.292,3.76,1.265,3.28,1.331
2025-12-02 16:10:48,1.884,3.06,4.83,3.44,1.309,3.39,1.318,3.34,1.324,2.9,1.438,2.23,1.719,1.9,2,1.613,2.44,1.318,3.55,1.257,3.87,1.354,3.14,1.564,2.47,1.775,2.12,1.34,3.23,1.452,2.82,1.432,2.9,1.671,2.29,1.9,1.98,2.33,1.653,2.74,1.471,3.13,1.357,3.55,1.292,3.76,1.265,3.28,1.331
2025-12-02 16:11:03,1.892,3.05,4.83,3.44,1.309,3.39,1.318,3.36,1.322,2.92,1.434,2.23,1.719,1.909,1.99,1.613,2.44,1.319,3.55,1.257,3.87,1.354,3.14,1.564,2.47,1.775,2.12,1.34,3.23,1.452,2.82,1.438,2.87,1.68,2.28,1.917,1.97,2.35,1.641,2.77,1.465,3.15,1.352,3.55,1.292,3.76,1.265,3.28,1.331
2025-12-02 16:11:18,1.9,3.04,4.83,3.44,1.309,3.39,1.318,3.38,1.318,2.94,1.429,2.24,1.709,1.909,1.99,1.617,2.43,1.32,3.54,1.257,3.87,1.354,3.14,1.564,2.47,1.775,2.12,1.34,3.23,1.452,2.82,1.446,2.84,1.694,2.25,1.934,1.952,2.38,1.628,2.81,1.454,3.19,1.344,3.55,1.292,3.76,1.265,3.28,1.331
2025-12-02 16:11:38,1.9,3.03,4.84,3.44,1.309,3.39,1.318,3.4,1.315,2.96,1.425,2.25,1.709,1.917,1.98,1.621,2.42,1.32,3.54,1.257,3.87,1.354,3.14,1.564,2.47,1.775,2.12,1.34,3.23,1.452,2.82,1.454,2.81,1.704,2.23,1.952,1.934,2.41,1.613,2.84,1.446,3.24,1.337,3.55,1.292,3.76,1.265,3.28,1.331
2025-12-02 16:11:48,1.892,3.03,4.88,3.44,1.309,3.39,1.318,3.38,1.318,2.94,1.431,2.24,1.714,1.909,1.99,1.613,2.44,1.316,3.57,1.257,3.87,1.354,3.14,1.564,2.47,1.775,2.12,1.34,3.23,1.452,2.82,1.456,2.8,1.709,2.23,1.952,1.925,2.42,1.609,2.85,1.444,3.24,1.336,3.55,1.292,3.76,1.265,3.28,1.331
2025-12-02 16:12:08,1.892,3.02,4.89,3.44,1.309,3.39,1.318,3.4,1.316,2.95,1.427,2.25,1.709,1.909,1.99,1.613,2.43,1.315,3.58,1.257,3.87,1.354,3.14,1.564,2.47,1.775,2.12,1.34,3.23,1.452,2.82,1.465,2.77,1.719,2.21,1.97,1.909,2.45,1.598,2.88,1.436,3.28,1.331,3.55,1.292,3.76,1.265,3.28,1.331
2025-12-02 16:12:38,1.892,3.01,4.95,3.44,1.309,3.39,1.318,3.4,1.315,2.95,1.427,2.24,1.714,1.909,1.99,1.609,2.44,1.31,3.61,1.257,3.87,1.354,3.14,1.564,2.47,1.775,2.12,1.34,3.23,1.226,4.18,1.478,2.73,1.735,2.18,2,1.884,2.5,1.578,2.94,1.421,3.34,1.321,3.55,1.292,3.76,1.265,3.28,1.331
2025-12-02 16:12:53,1.9,2.99,4.95,3.44,1.309,3.39,1.318,3.42,1.312,2.97,1.423,2.25,1.709,1.909,1.99,1.613,2.44,1.31,3.61,1.257,3.87,1.354,3.14,1.564,2.47,1.775,2.12,1.34,3.23,1.23,4.12,1.485,2.7,1.746,2.16,2.01,1.869,2.53,1.564,2.97,1.414,3.38,1.315,3.55,1.292,3.76,1.265,3.28,1.331
2025-12-02 16:13:18,1.909,2.95,4.96,3.44,1.309,3.39,1.318,3.48,1.303,3.02,1.411,2.28,1.694,1.925,1.97,1.621,2.42,1.312,3.6,1.257,3.87,1.354,3.14,1.564,2.47,1.775,2.12,1.34,3.23,1.247,3.94,1.51,2.62,1.781,2.11,2.06,1.826,2.61,1.534,3.06,1.395,3.47,1.302,3.55,1.292,3.76,1.265,3.28,1.331
2025-12-02 16:13:28,1.925,2.94,4.92,3.44,1.309,3.39,1.318,3.52,1.299,3.05,1.404,2.29,1.684,1.943,1.961,1.628,2.4,1.317,3.56,1.257,3.87,1.354,3.14,1.564,2.47,1.775,2.12,1.34,3.23,1.249,3.92,1.515,2.61,1.787,2.11,2.07,1.819,2.62,1.531,3.08,1.392,3.49,1.3,3.55,1.292,3.76,1.265,3.28,1.331
2025-12-02 16:13:53,1.934,2.92,4.91,3.44,1.309,3.39,1.318,3.56,1.293,3.09,1.395,2.31,1.675,1.952,1.952,1.636,2.39,1.32,3.54,1.257,3.87,1.354,3.14,1.564,2.47,1.775,2.12,1.34,3.23,1.271,3.91,1.543,2.59,1.806,2.08,2.1,1.793,2.65,1.5,3.09,1.363,3.49,1.3,3.55,1.292,3.76,1.265,3.28,1.331
2025-12-02 16:14:03,1.925,2.93,4.96,3.44,1.309,3.39,1.318,3.54,1.296,3.07,1.4,2.3,1.68,1.943,1.961,1.628,2.4,1.314,3.58,1.257,3.87,1.354,3.14,1.564,2.47,1.775,2.12,1.34,3.23,1.273,3.9,1.543,2.59,1.813,2.08,2.1,1.793,2.66,1.497,3.1,1.362,3.49,1.3,3.55,1.292,3.76,1.265,3.28,1.331
2025-12-02 16:14:23,1.934,2.91,4.96,3.44,1.309,3.39,1.318,3.56,1.292,3.09,1.395,2.31,1.675,1.952,1.952,1.632,2.4,1.315,3.58,1.257,3.87,1.354,3.14,1.564,2.47,1.775,2.12,1.34,3.23,1.279,3.83,1.555,2.56,1.826,2.06,2.12,1.775,2.7,1.485,3.14,1.354,3.49,1.3,3.55,1.292,3.76,1.265,3.28,1.331
2025-12-02 16:14:53,1.934,2.89,4.97,3.44,1.309,3.39,1.318,3.6,1.288,3.12,1.39,2.32,1.671,1.952,1.952,1.636,2.39,1.316,3.57,1.257,3.87,1.354,3.14,1.564,2.47,1.775,2.12,1.34,3.23,1.288,3.76,1.568,2.52,1.847,2.04,2.15,1.757,2.75,1.469,3.2,1.344,3.49,1.3,3.55,1.292,3.76,1.265,3.28,1.331
2025-12-02 16:15:18,1.952,2.87,4.98,3.44,1.309,3.39,1.318,3.64,1.283,3.16,1.383,2.34,1.662,1.961,1.934,1.641,2.38,1.317,3.56,1.257,3.87,1.354,3.14,1.564,2.47,1.775,2.12,1.34,3.23,1.299,3.66,1.588,2.47,1.869,2.01,2.19,1.729,2.82,1.45,3.28,1.331,3.49,1.3,3.55,1.292,3.76,1.265,3.28,1.331
2025-12-02 16:15:43,1.952,2.86,4.98,3.44,1.309,3.39,1.318,3.65,1.282,3.16,1.381,2.34,1.662,1.961,1.934,1.641,2.38,1.313,3.59,1.257,3.87,1.354,3.14,1.564,2.47,1.775,2.12,1.34,3.23,1.308,3.59,1.602,2.44,1.892,1.99,2.22,1.714,2.88,1.436,3.34,1.321,3.49,1.3,3.55,1.292,3.76,1.265,3.28,1.331
2025-12-02 16:15:58,1.952,2.85,5.08,3.44,1.309,3.39,1.318,3.63,1.284,3.15,1.384,2.33,1.666,1.961,1.934,1.632,2.4,1.307,3.63,1.257,3.87,1.354,3.14,1.564,2.47,1.775,2.12,1.224,4.21,1.313,3.56,1.609,2.42,1.9,1.98,2.23,1.704,2.91,1.431,3.37,1.317,3.49,1.3,3.55,1.292,3.76,1.265,3.28,1.331
2025-12-02 16:16:03,1.952,2.85,5.08,3.44,1.309,3.39,1.318,3.65,1.282,3.16,1.381,2.33,1.662,1.961,1.934,1.636,2.39,1.308,3.63,1.257,3.87,1.354,3.14,1.564,2.47,1.775,2.12,1.226,4.17,1.317,3.53,1.613,2.41,1.917,1.97,2.24,1.699,2.93,1.423,3.39,1.313,3.49,1.3,3.55,1.292,3.76,1.265,3.28,1.331
2025-12-02 16:16:21,1.961,2.83,5.04,3.44,1.309,3.39,1.318,3.7,1.275,3.21,1.373,2.36,1.653,1.97,1.925,1.645,2.37,1.314,3.58,1.257,3.87,1.354,3.14,1.564,2.47,1.775,2.12,1.229,4.14,1.322,3.49,1.621,2.39,1.925,1.961,2.26,1.689,2.96,1.416,3.43,1.308,3.49,1.3,3.55,1.292,3.76,1.265,3.28,1.331
2025-12-02 16:16:36,1.97,2.82,5.02,3.44,1.309,3.39,1.318,3.74,1.271,3.25,1.366,2.37,1.645,1.98,1.917,1.653,2.35,1.317,3.56,1.257,3.87,1.354,3.14,1.564,2.47,1.775,2.12,1.233,4.09,1.328,3.45,1.632,2.37,1.943,1.943,2.28,1.675,3,1.408,3.47,1.302,3.49,1.3,3.55,1.292,3.76,1.265,3.28,1.331
2025-12-02 16:16:51,1.98,2.8,4.96,3.44,1.309,3.39,1.318,3.79,1.265,3.3,1.358,2.4,1.632,2,1.9,1.666,2.33,1.325,3.51,1.257,3.87,1.354,3.14,1.564,2.47,1.775,2.12,1.235,4.07,1.332,3.42,1.636,2.36,1.943,1.943,2.29,1.671,3.02,1.404,3.49,1.299,3.49,1.3,3.55,1.292,3.76,1.265,3.28,1.331
2025-12-02 16:17:11,2,2.79,4.93,3.44,1.309,3.39,1.318,3.84,1.259,3.34,1.349,2.42,1.621,2.01,1.884,1.675,2.31,1.33,3.47,1.257,3.87,1.354,3.14,1.564,2.47,1.775,2.12,1.24,4.02,1.338,3.38,1.649,2.34,1.961,1.925,2.32,1.657,3.06,1.395,3.54,1.293,3.49,1.3,3.55,1.292,3.76,1.265,3.28,1.331
2025-12-02 16:17:26,1.99,2.79,4.98,3.44,1.309,3.39,1.318,3.81,1.262,3.32,1.354,2.41,1.628,2,1.9,1.666,2.33,1.324,3.51,1.257,3.87,1.354,3.14,1.564,2.47,1.775,2.12,1.241,4.01,1.341,3.36,1.653,2.33,1.961,1.917,2.32,1.657,3.07,1.392,3.55,1.291,3.49,1.3,3.55,1.292,3.76,1.265,3.28,1.331
2025-12-02 16:17:56,1.98,2.79,5.05,3.44,1.309,3.39,1.318,3.79,1.265,3.29,1.358,2.39,1.636,1.99,1.909,1.657,2.35,1.317,3.56,1.257,3.87,1.354,3.14,1.564,2.47,1.775,2.12,1.245,3.97,1.347,3.33,1.662,2.31,1.98,1.909,2.34,1.645,3.11,1.384,3.59,1.286,3.49,1.3,3.55,1.292,3.76,1.265,3.28,1.331
2025-12-02 16:18:31,2,2.77,5,3.44,1.309,3.39,1.318,3.87,1.256,3.37,1.346,2.42,1.621,2.01,1.884,1.671,2.32,1.324,3.51,1.257,3.87,1.354,3.14,1.564,2.47,1.775,2.12,1.252,3.89,1.359,3.25,1.68,2.27,2,1.877,2.38,1.625,3.19,1.37,3.67,1.276,3.49,1.3,3.55,1.292,3.76,1.265,3.28,1.331
2025-12-02 16:18:36,1.99,2.77,5.01,3.44,1.309,3.39,1.318,3.84,1.259,3.34,1.349,2.42,1.625,2.01,1.892,1.666,2.32,1.323,3.52,1.257,3.87,1.354,3.14,1.564,2.47,1.775,2.12,1.248,3.93,1.352,3.29,1.671,2.3,1.99,1.892,2.36,1.636,3.15,1.377,3.63,1.28,3.49,1.3,3.55,1.292,3.76,1.265,3.28,1.331
2025-12-02 16:18:56,2.01,2.75,5,3.44,1.309,3.39,1.318,3.91,1.253,3.4,1.341,2.44,1.613,2.02,1.877,1.675,2.31,1.325,3.5,1.257,3.87,1.354,3.14,1.564,2.47,1.775,2.12,1.257,3.84,1.367,3.21,1.689,2.25,2.01,1.869,2.4,1.617,3.24,1.361,3.73,1.269,3.49,1.3,3.55,1.292,3.76,1.265,3.28,1.331
2025-12-02 16:19:26,2.05,2.7,4.91,3.44,1.309,3.39,1.318,3.91,1.253,3.52,1.322,2.5,1.584,2.06,1.84,1.704,2.25,1.341,3.4,1.257,3.87,1.354,3.14,1.564,2.47,1.775,2.12,1.268,3.74,1.384,3.11,1.719,2.21,2.04,1.84,2.46,1.595,3.34,1.343,3.84,1.257,3.49,1.3,3.55,1.292,3.76,1.265,3.28,1.331
2025-12-02 16:19:31,2.06,2.68,4.89,3.44,1.309,3.39,1.318,3.91,1.253,3.64,1.306,2.54,1.571,2.07,1.826,1.714,2.24,1.346,3.37,1.257,3.87,1.354,3.14,1.564,2.47,1.775,2.12,1.3,3.65,1.431,2.98,1.781,2.12,2.13,1.769,2.56,1.531,3.49,1.299,3.84,1.257,3.49,1.3,3.55,1.292,3.76,1.265,3.28,1.331
2025-12-02 16:19:56,2.08,2.66,4.88,3.44,1.309,3.39,1.318,3.91,1.253,3.71,1.297,2.57,1.561,2.09,1.813,1.724,2.22,1.349,3.35,1.257,3.87,1.354,3.14,1.564,2.47,1.227,4.16,1.31,3.58,1.446,2.92,1.806,2.08,2.16,1.746,2.61,1.515,3.59,1.286,3.84,1.257,3.49,1.3,3.55,1.292,3.76,1.265,3.28,1.331
2025-12-02 16:20:36,2.1,2.64,4.88,3.44,1.309,3.39,1.318,3.91,1.253,3.79,1.289,2.6,1.549,2.11,1.8,1.735,2.2,1.353,3.33,1.257,3.87,1.354,3.14,1.564,2.47,1.235,4.07,1.321,3.49,1.467,2.84,1.84,2.05,2.2,1.719,2.67,1.495,3.72,1.271,3.84,1.257,3.49,1.3,3.55,1.292,3.76,1.265,3.28,1.331
2025-12-02 16:20:41,2.08,2.66,4.92,3.44,1.309,3.39,1.318,3.91,1.253,3.73,1.295,2.57,1.561,2.09,1.819,1.719,2.23,1.344,3.37,1.257,3.87,1.354,3.14,1.564,2.47,1.232,4.1,1.318,3.52,1.462,2.85,1.833,2.05,2.2,1.724,2.66,1.497,3.7,1.273,3.84,1.257,3.49,1.3,3.55,1.292,3.76,1.265,3.28,1.331
2025-12-02 16:20:51,2.08,2.64,4.93,3.44,1.309,3.39,1.318,3.91,1.253,3.77,1.29,2.58,1.555,2.09,1.813,1.724,2.22,1.346,3.37,1.257,3.87,1.354,3.14,1.564,2.47,1.237,4.05,1.325,3.46,1.473,2.81,1.854,2.03,2.22,1.709,2.7,1.485,3.78,1.264,3.84,1.257,3.49,1.3,3.55,1.292,3.76,1.265,3.28,1.331
2025-12-02 16:21:21,2.09,2.63,4.93,3.44,1.309,3.39,1.318,3.91,1.253,3.81,1.285,2.6,1.549,2.1,1.806,1.729,2.21,1.347,3.36,1.257,3.87,1.354,3.14,1.564,2.47,1.242,4,1.333,3.42,1.487,2.76,1.877,2.01,2.25,1.694,2.74,1.473,3.85,1.256,3.84,1.257,3.49,1.3,3.55,1.292,3.76,1.265,3.28,1.331
2025-12-02 16:21:26,2.11,2.62,4.85,3.44,1.309,3.39,1.318,3.91,1.253,3.87,1.28,2.63,1.54,2.12,1.793,1.746,2.19,1.358,3.3,1.257,3.87,1.354,3.14,1.564,2.47,1.243,3.99,1.334,3.4,1.49,2.75,1.877,2,2.25,1.689,2.75,1.471,3.87,1.255,3.84,1.257,3.49,1.3,3.55,1.292,3.76,1.265,3.28,1.331
2025-12-02 16:21:46,2.12,2.6,4.86,3.44,1.309,3.39,1.318,3.91,1.253,3.93,1.273,2.65,1.531,2.13,1.781,1.751,2.18,1.359,3.29,1.257,3.87,1.354,3.14,1.564,2.47,1.25,3.92,1.344,3.34,1.507,2.69,1.909,1.98,2.29,1.671,2.8,1.456,3.97,1.245,3.84,1.257,3.49,1.3,3.55,1.292,3.76,1.265,3.28,1.331
2025-12-02 16:21:56,2.12,2.6,4.9,3.44,1.309,3.39,1.318,3.91,1.253,3.91,1.275,2.64,1.534,2.13,1.787,1.746,2.19,1.354,3.32,1.257,3.87,1.354,3.14,1.564,2.47,1.251,3.9,1.348,3.32,1.512,2.68,1.917,1.97,2.3,1.666,2.82,1.452,4,1.242,3.84,1.257,3.49,1.3,3.55,1.292,3.76,1.265,3.28,1.331
2025-12-02 16:22:26,2.13,2.57,4.91,3.44,1.309,3.39,1.318,3.91,1.253,3.97,1.268,2.67,1.526,2.14,1.775,1.757,2.17,1.357,3.3,1.257,3.87,1.354,3.14,1.564,2.47,1.259,3.82,1.359,3.25,1.531,2.62,1.943,1.943,2.33,1.649,2.87,1.438,4.12,1.231,3.84,1.257,3.49,1.3,3.55,1.292,3.76,1.265,3.28,1.331
2025-12-02 16:22:56,2.12,2.57,5,3.44,1.309,3.39,1.318,3.91,1.253,3.93,1.272,2.65,1.534,2.13,1.787,1.746,2.19,1.346,3.37,1.257,3.87,1.354,3.14,1.564,2.47,1.263,3.79,1.366,3.22,1.543,2.58,1.961,1.925,2.35,1.641,2.91,1.431,4.18,1.226,3.84,1.257,3.49,1.3,3.55,1.292,3.76,1.265,3.28,1.331
2025-12-02 16:23:26,2.11,2.57,5.08,3.44,1.309,3.39,1.318,3.91,1.253,3.92,1.273,2.64,1.537,2.12,1.787,1.735,2.2,1.338,3.42,1.257,3.87,1.354,3.14,1.564,2.47,1.268,3.74,1.373,3.17,1.558,2.55,1.98,1.9,2.38,1.625,2.95,1.42,4.18,1.226,3.84,1.257,3.49,1.3,3.55,1.292,3.76,1.265,3.28,1.331
2025-12-02 16:23:36,2.12,2.54,5.09,3.44,1.309,3.39,1.318,3.91,1.253,3.96,1.27,2.65,1.531,2.13,1.787,1.74,2.2,1.338,3.41,1.257,3.87,1.354,3.14,1.564,2.47,1.273,3.7,1.38,3.14,1.571,2.51,2,1.884,2.41,1.617,2.98,1.411,4.18,1.226,3.84,1.257,3.49,1.3,3.55,1.292,3.76,1.265,3.28,1.331
2025-12-02 16:23:46,2.13,2.53,5.09,3.44,1.309,3.39,1.318,3.91,1.253,3.99,1.267,2.66,1.529,2.14,1.781,1.746,2.19,1.34,3.41,1.257,3.87,1.354,3.14,1.564,2.47,1.277,3.67,1.386,3.11,1.581,2.49,2.01,1.869,2.42,1.606,3.01,1.404,4.18,1.226,3.84,1.257,3.49,1.3,3.55,1.292,3.76,1.265,3.28,1.331
2025-12-02 16:24:01,2.14,2.52,5.05,3.44,1.309,3.39,1.318,3.91,1.253,4.06,1.26,2.69,1.518,2.15,1.769,1.757,2.17,1.346,3.37,1.257,3.87,1.354,3.14,1.564,2.47,1.28,3.64,1.392,3.08,1.591,2.46,2.02,1.862,2.44,1.598,3.04,1.4,4.18,1.226,3.84,1.257,3.49,1.3,3.55,1.292,3.76,1.265,3.28,1.331
2025-12-02 16:24:06,2.15,2.51,5.05,3.44,1.309,3.39,1.318,3.91,1.253,4.08,1.258,2.7,1.515,2.16,1.763,1.757,2.17,1.347,3.36,1.257,3.87,1.354,3.14,1.564,2.47,1.283,3.62,1.395,3.06,1.598,2.45,2.03,1.847,2.46,1.595,3.06,1.395,4.18,1.226,3.84,1.257,3.49,1.3,3.55,1.292,3.76,1.265,3.28,1.331
2025-12-02 16:24:26,2.16,2.5,5.06,3.44,1.309,3.39,1.318,3.91,1.253,4.08,1.258,2.68,1.5,2.17,1.757,1.763,2.16,1.355,3.42,1.257,3.87,1.354,3.14,1.564,2.47,1.289,3.57,1.404,3.02,1.617,2.41,2.06,1.826,2.49,1.581,3.11,1.386,4.18,1.226,3.84,1.257,3.49,1.3,3.55,1.292,3.76,1.265,3.28,1.331
2025-12-02 16:25:31,2.18,2.45,5.14,3.44,1.309,3.39,1.318,3.91,1.253,4.08,1.258,2.72,1.487,2.19,1.746,1.775,2.15,1.353,3.42,1.257,3.87,1.354,3.14,1.564,2.47,1.308,3.43,1.434,2.88,1.671,2.29,2.13,1.769,2.59,1.543,3.27,1.355,4.18,1.226,3.84,1.257,3.49,1.3,3.55,1.292,3.76,1.265,3.28,1.331
2025-12-02 16:26:01,2.19,2.43,5.17,3.44,1.309,3.39,1.318,3.91,1.253,4.08,1.258,2.75,1.48,2.2,1.735,1.781,2.13,1.353,3.43,1.257,3.87,1.354,3.14,1.564,2.47,1.319,3.35,1.452,2.82,1.704,2.23,2.18,1.735,2.65,1.523,3.36,1.341,4.18,1.226,3.84,1.257,3.49,1.3,3.55,1.292,3.76,1.265,3.28,1.331
2025-12-02 16:27:01,2.22,2.39,5.2,3.44,1.309,3.39,1.318,3.91,1.253,4.08,1.258,2.8,1.465,2.23,1.719,1.793,2.11,1.355,3.42,1.257,3.87,1.354,3.14,1.564,2.47,1.353,3.29,1.495,2.74,1.763,2.14,2.26,1.689,2.73,1.478,3.46,1.303,4.18,1.226,3.84,1.257,3.49,1.3,3.55,1.292,3.76,1.265,3.28,1.331
2025-12-02 16:28:26,2.24,2.34,5.32,3.44,1.309,3.39,1.318,3.91,1.253,4.08,1.258,2.84,1.454,2.26,1.704,1.806,2.1,1.355,3.45,1.257,3.87,1.354,3.14,1.564,2.47,1.378,3.14,1.534,2.61,1.847,2.04,2.37,1.632,2.86,1.44,3.67,1.276,4.18,1.226,3.84,1.257,3.49,1.3,3.55,1.292,3.76,1.265,3.28,1.331
2025-12-02 16:29:06,2.26,2.31,5.35,3.44,1.309,3.39,1.318,3.91,1.253,4.08,1.258,2.88,1.444,2.28,1.694,1.819,2.09,1.35,3.45,1.257,3.87,1.354,3.14,1.564,2.47,1.393,3.07,1.558,2.55,1.892,1.99,2.43,1.606,2.94,1.423,3.79,1.263,4.18,1.226,3.84,1.257,3.49,1.3,3.55,1.292,3.76,1.265,3.28,1.331
2025-12-02 16:29:21,1.192,5.68,18.85,3.44,1.309,3.39,1.318,3.91,1.253,4.08,1.258,2.97,1.423,2.34,1.657,1.884,2.02,1.406,3.13,1.26,4.06,1.354,3.14,1.564,2.47,1.393,3.07,1.558,2.55,1.892,1.99,2.43,1.606,1.384,3.11,1.546,2.58,1.877,2.01,2.41,1.613,2.92,1.427,3.75,1.267,3.76,1.265,3.28,1.331
2025-12-02 16:30:01,1.214,5.32,17.77,3.44,1.309,3.39,1.318,3.91,1.253,4.08,1.258,3.21,1.373,2.51,1.584,2,1.9,1.476,2.84,1.294,3.74,1.354,3.14,1.564,2.47,1.393,3.07,1.558,2.55,1.892,1.99,2.43,1.606,1.408,3,1.581,2.48,1.943,1.934,2.49,1.578,3.01,1.406,3.75,1.267,3.76,1.265,3.28,1.331
2025-12-02 16:30:06,1.21,5.35,18.33,3.44,1.309,3.39,1.318,3.91,1.253,4.08,1.258,3.29,1.358,2.55,1.568,2.03,1.877,1.478,2.83,1.291,3.76,1.354,3.14,1.564,2.47,1.393,3.07,1.558,2.55,1.892,1.99,2.43,1.606,1.438,2.87,1.628,2.38,2.03,1.847,2.61,1.534,3.15,1.378,3.75,1.267,3.76,1.265,3.28,1.331
2025-12-02 16:30:11,1.206,5.42,18.61,3.44,1.309,3.39,1.318,3.91,1.253,4.08,1.258,3.24,1.367,2.52,1.581,2,1.9,1.462,2.88,1.284,3.83,1.354,3.14,1.564,2.47,1.393,3.07,1.558,2.55,1.892,1.99,2.43,1.606,1.434,2.88,1.625,2.39,2.03,1.854,2.6,1.537,3.14,1.38,3.75,1.267,3.76,1.265,3.28,1.331
2025-12-02 16:30:21,1.204,5.44,18.85,3.44,1.309,3.39,1.318,3.91,1.253,4.08,1.258,3.28,1.361,2.54,1.571,2.01,1.884,1.465,2.88,1.283,3.84,1.354,3.14,1.564,2.47,1.393,3.07,1.558,2.55,1.892,1.99,2.43,1.606,1.446,2.84,1.645,2.35,2.06,1.819,2.65,1.52,3.2,1.367,3.75,1.267,3.76,1.265,3.28,1.331
2025-12-02 16:30:31,1.205,5.43,18.66,3.44,1.309,3.39,1.318,3.91,1.253,4.08,1.258,3.25,1.366,2.52,1.578,2.01,1.892,1.462,2.88,1.284,3.83,1.354,3.14,1.564,2.47,1.393,3.07,1.558,2.55,1.892,1.99,2.43,1.606,1.436,2.88,1.628,2.38,2.03,1.847,2.61,1.534,3.16,1.377,3.75,1.267,3.76,1.265,3.28,1.331
2025-12-02 16:31:21,1.202,5.46,19.16,3.44,1.309,3.39,1.318,3.91,1.253,4.08,1.258,3.31,1.355,2.56,1.564,2.02,1.877,1.465,2.88,1.28,3.86,1.354,3.14,1.564,2.47,1.393,3.07,1.558,2.55,1.892,1.99,2.43,1.606,1.458,2.79,1.666,2.3,2.11,1.787,2.71,1.502,3.28,1.355,3.75,1.267,3.76,1.265,3.28,1.331
2025-12-02 16:31:31,1.209,5.34,18.78,3.44,1.309,3.39,1.318,3.91,1.253,4.08,1.258,3.37,1.344,2.6,1.549,2.05,1.847,1.485,2.8,1.292,3.76,1.354,3.14,1.564,2.47,1.393,3.07,1.558,2.55,1.892,1.99,2.43,1.606,1.462,2.78,1.671,2.29,2.12,1.775,2.74,1.495,3.3,1.35,3.75,1.267,3.76,1.265,3.28,1.331
2025-12-02 16:32:01,1.213,5.28,18.77,3.44,1.309,3.39,1.318,3.91,1.253,4.08,1.258,3.44,1.334,2.64,1.537,2.08,1.826,1.5,2.75,1.297,3.71,1.354,3.14,1.564,2.47,1.393,3.07,1.558,2.55,1.892,1.99,2.43,1.606,1.476,2.73,1.694,2.25,2.17,1.74,2.8,1.476,3.38,1.337,3.75,1.267,3.76,1.265,3.28,1.331
2025-12-02 16:35:16,1.22,5.09,19.9,3.44,1.309,3.39,1.318,3.91,1.253,4.08,1.258,3.94,1.272,2.93,1.45,2.26,1.704,1.574,2.54,1.318,3.56,1.354,3.14,1.564,2.47,1.393,3.07,1.558,2.55,1.892,1.99,2.43,1.606,1.598,2.44,1.884,2,2.61,1.534,3.33,1.346,3.38,1.337,3.75,1.267,3.76,1.265,3.28,1.331
2025-12-02 16:35:26,1.225,5.03,19.42,3.44,1.309,3.39,1.318,3.91,1.253,4.08,1.258,3.78,1.289,2.84,1.476,2.21,1.735,1.561,2.57,1.321,3.54,1.354,3.14,1.564,2.47,1.393,3.07,1.558,2.55,1.892,1.99,2.43,1.606,1.552,2.56,1.806,2.08,2.46,1.591,3.16,1.375,3.38,1.337,3.75,1.267,3.76,1.265,3.28,1.331
2025-12-02 16:36:41,1.216,5.1,20.85,3.44,1.309,3.39,1.318,3.91,1.253,4.08,1.258,3.97,1.269,2.94,1.45,2.26,1.704,1.568,2.55,1.313,3.59,1.354,3.14,1.564,2.47,1.393,3.07,1.558,2.55,1.892,1.99,2.43,1.606,1.617,2.4,1.925,1.961,2.73,1.495,3.5,1.32,3.38,1.337,3.75,1.267,3.76,1.265,3.28,1.331
